CREATE TABLE SERIE (
    CODIGO VARCHAR(5),
    NOME VARCHAR(80),
    CONSTRAINT PK_SERIE PRIMARY KEY (CODIGO)
);

CREATE TABLE GENERO (
    CODIGO VARCHAR(5),
    GENERO VARCHAR(20),
    CONSTRAINT PK_GENERO PRIMARY KEY (CODIGO, GENERO),
    CONSTRAINT FK_GENERO_SERIE FOREIGN KEY (CODIGO) REFERENCES SERIE(CODIGO)
);

CREATE TABLE PREMIACOES (
    CODIGO VARCHAR(5),
    PREM_COLETIVA VARCHAR(80),
    PREM_INDIVIDUAL VARCHAR(80),
    CONSTRAINT PK_PREMIACOES PRIMARY KEY (CODIGO, PREM_COLETIVA, PREM_INDIVIDUAL),
    CONSTRAINT FK_PREMIACOES_SERIE FOREIGN KEY (CODIGO) REFERENCES SERIE(CODIGO)
);

CREATE TABLE DIRETOR (
    CPF VARCHAR(11),
    NOME VARCHAR(80),
    CONSTRAINT PK_DIRETOR PRIMARY KEY (CPF)
);

CREATE TABLE ROTEIRISTA (
    CPF VARCHAR(11),
    NOME VARCHAR(80),
    CONSTRAINT PK_ROTEIRISTA PRIMARY KEY (CPF)
);

CREATE TABLE ROTEIRO (
    ID_ARTIFICIAL NUMBER(10),
    ARQUIVO VARCHAR(2048),
    CONSTRAINT PK_ROTEIRO PRIMARY KEY (ID_ARTIFICIAL)
);

CREATE TABLE PERSONAGEM (
    RDA NUMBER(10),
    NOME VARCHAR(80),
    CONSTRAINT PK_PERSONAGEM PRIMARY KEY (RDA)
);

CREATE TABLE ATOR (
    CPF VARCHAR(11),
    NOME VARCHAR(80),
    CONSTRAINT PK_ATOR PRIMARY KEY (CPF)
);

CREATE TABLE EQUIPE_DE_EDITORES (
    ID_ARTIFICIAL NUMBER(10),
    TIPO VARCHAR(80),
    CONSTRAINT PK_EQUIPE_DE_EDITORES PRIMARY KEY (ID_ARTIFICIAL)
);

CREATE TABLE TEMPORADA (
    CODIGO VARCHAR(5),
    NUMERO NUMBER(2),
    CONSTRAINT PK_TEMPORADA PRIMARY KEY (CODIGO, NUMERO),
    CONSTRAINT FK_TEMPORADA_SERIE FOREIGN KEY (CODIGO) REFERENCES SERIE(CODIGO)
);

CREATE TABLE EPISODIO (
    CODIGO VARCHAR(5),
    NUMERO_TEMP NUMBER(2),
    NUMERO_EP NUMBER(3),
    TITULO VARCHAR(80),
    TEMPO_DE_DURACAO VARCHAR(50),
    ROTEIRO_ID NUMBER(10) NOT NULL,
    CONSTRAINT PK_EPISODIO PRIMARY KEY (CODIGO, NUMERO_TEMP, NUMERO_EP),
    CONSTRAINT FK_EPISODIO_TEMPORADA FOREIGN KEY (CODIGO, NUMERO_TEMP) REFERENCES TEMPORADA(CODIGO, NUMERO),
    CONSTRAINT UQ_EPISODIO_ROTEIRO_ID UNIQUE (ROTEIRO_ID)
);


CREATE TABLE PRINCIPAL (
    RDA NUMBER(10),
    CONSTRAINT PK_PRINCIPAL PRIMARY KEY (RDA),

    CONSTRAINT FK_PRINCIPAL_PERSONAGEM FOREIGN KEY (RDA) REFERENCES PERSONAGEM(RDA)
);

CREATE TABLE COADJUVANTE (
    RDA NUMBER(10),
    FIGURANTE VARCHAR(5),
    CONSTRAINT PK_COAD PRIMARY KEY (RDA),
    CONSTRAINT FK_COAD_PERSONAGEM FOREIGN KEY (RDA) REFERENCES PERSONAGEM(RDA)
);

CREATE TABLE TEM (
   ID_ARTIFICIAL NUMBER(10),
   CODIGO VARCHAR(5),
   NUMERO_TEMP NUMBER(2),
   NUMERO_EP NUMBER(3),
   CONSTRAINT PK_TEM PRIMARY KEY (ID_ARTIFICIAL, CODIGO, NUMERO_TEMP, NUMERO_EP),
   CONSTRAINT FK_TEM_EDITORES FOREIGN KEY (ID_ARTIFICIAL) REFERENCES EQUIPE_DE_EDITORES(ID_ARTIFICIAL),
   CONSTRAINT FK_TEM_EPISODIO FOREIGN KEY (CODIGO, NUMERO_TEMP, NUMERO_EP) REFERENCES EPISODIO(CODIGO, NUMERO_TEMP, NUMERO_EP)
);


CREATE TABLE EFEITOS_ESPECIAIS (
    ID_ARTIFICIAL NUMBER(10),
    TIPO VARCHAR(80),
    CUSTO NUMBER(10,2),
    ID_EDITORES NUMBER(2),
    CODIGO_SERIE VARCHAR(5),
    NUMERO_TEMP NUMBER(2),
    NUMERO_EP NUMBER(3),
    CONSTRAINT PK_EFEITOS_ESPECIAIS PRIMARY KEY (ID_ARTIFICIAL),
    CONSTRAINT FK_EFEITO_TEM_ FOREIGN KEY (ID_EDITORES, CODIGO_SERIE,       NUMERO_TEMP, NUMERO_EP) REFERENCES TEM(ID_ARTIFICIAL, CODIGO, NUMERO_TEMP, NUMERO_EP)
);

CREATE TABLE INTERPRETA (
     CPF VARCHAR(11),
     RDA NUMBER(10),
     CONSTRAINT PK_INTERPRETA PRIMARY KEY (CPF, RDA),
     CONSTRAINT FK_INTERPRETA_ATOR FOREIGN KEY (CPF) REFERENCES ATOR(CPF),
     CONSTRAINT FK_INTERPRETA_PERSONAGEM FOREIGN KEY (RDA) REFERENCES PERSONAGEM(RDA)
);

CREATE TABLE PARTICIPA(
    CODIGO VARCHAR(5),
    RDA NUMBER(10),
    CONSTRAINT PK_PARTICIPA PRIMARY KEY (CODIGO, RDA),
    CONSTRAINT FK_PARTICIPA_SERIE FOREIGN KEY (CODIGO) REFERENCES SERIE(CODIGO),
    CONSTRAINT FK_PARTICIPA_PERSONAGEM FOREIGN KEY (RDA) REFERENCES PERSONAGEM(RDA)
);

CREATE TABLE ESCREVE (
    CPF VARCHAR(11),
    ID_ARTIFICIAL NUMBER(10),
    CONSTRAINT PK_ESCREVE PRIMARY KEY (CPF, ID_ARTIFICIAL),
    CONSTRAINT FK_ESCREVE_ROTEIRISTA FOREIGN KEY (CPF) REFERENCES ROTEIRISTA(CPF),
    CONSTRAINT FK_ESCREVE_ROTEIRO FOREIGN KEY (ID_ARTIFICIAL) REFERENCES ROTEIRO(ID_ARTIFICIAL)
);

CREATE TABLE TRABALHA(
   CPF_ROTEIRISTA VARCHAR(11),
   CPF_DIRETOR VARCHAR(11),
   CODIGO VARCHAR(5),
   CONSTRAINT PK_TRABALHA PRIMARY KEY (CPF_ROTEIRISTA, CPF_DIRETOR, CODIGO),
   CONSTRAINT FK_TRABALHA_ROTEIRISTA FOREIGN KEY (CPF_ROTEIRISTA) REFERENCES ROTEIRISTA(CPF),
   CONSTRAINT FK_TRABALHA_DIRETOR FOREIGN KEY (CPF_DIRETOR) REFERENCES DIRETOR(CPF),
   CONSTRAINT FK_TRABALHA_SERIE FOREIGN KEY (CODIGO) REFERENCES SERIE(CODIGO)
);

ALTER TABLE SERIE ADD SHOW_ORIGINAL VARCHAR(100);

--------INICIO DAS INSERÇÕES ----------------

---BREAKING BAD


INSERT INTO SERIE (CODIGO, NOME, SHOW_ORIGINAL) VALUES ('BB01', 'Breaking Bad', 'TRUE');

INSERT INTO GENERO (CODIGO, GENERO) VALUES ('BB01', 'Drama');
INSERT INTO GENERO (CODIGO, GENERO) VALUES ('BB01', 'Crime');
INSERT INTO GENERO (CODIGO, GENERO) VALUES ('BB01', 'Thriller');

INSERT INTO PREMIACOES (CODIGO, PREM_COLETIVA, PREM_INDIVIDUAL)
VALUES ('BB01', '-', 'Bryan Cranston - Outstanding Lead Actor in a Drama Series');
INSERT INTO PREMIACOES (CODIGO, PREM_COLETIVA, PREM_INDIVIDUAL)
VALUES ('BB01', '-', 'Aaron Paul - Emmy Award for Outstanding Supporting Actor in a Drama Series');
INSERT INTO PREMIACOES (CODIGO, PREM_COLETIVA, PREM_INDIVIDUAL)
VALUES ('BB01', 'Emmy Award for Outstanding Drama Series', '-');
INSERT INTO PREMIACOES (CODIGO, PREM_COLETIVA, PREM_INDIVIDUAL)
VALUES ('BB01', 'Saturn Award for Best Syndicated/Cable Television Series', '-');
INSERT INTO PREMIACOES (CODIGO, PREM_COLETIVA, PREM_INDIVIDUAL)
VALUES ('BB01', 'Golden Globe Award: Best TV Drama Series', '-');
INSERT INTO PREMIACOES (CODIGO, PREM_COLETIVA, PREM_INDIVIDUAL)
VALUES ('BB01', 'TCA Award for Program of the Year', '-');
INSERT INTO PREMIACOES (CODIGO, PREM_COLETIVA, PREM_INDIVIDUAL)
VALUES ('BB01', 'NME Award for Best TV Program', '-');
INSERT INTO PREMIACOES (CODIGO, PREM_COLETIVA, PREM_INDIVIDUAL)
VALUES ('BB01', '-', 'Anna Gunn - Emmy Award: Best Supporting Actress in a Drama Series');
INSERT INTO PREMIACOES (CODIGO, PREM_COLETIVA, PREM_INDIVIDUAL)
VALUES ('BB01', 'TCA Award for Outstanding Achievement in Drama', '-');


INSERT INTO DIRETOR (CPF, NOME)VALUES ('10000000191', 'Vince Gilligan');
INSERT INTO DIRETOR (CPF, NOME)VALUES ('10000000282', 'Michelle MacLaren');


INSERT INTO ROTEIRISTA (CPF, NOME) VALUES ('10000000191', 'Vince Gilligan');
INSERT INTO ROTEIRISTA (CPF, NOME) VALUES ('10000000464', 'Peter Gould');


INSERT INTO ROTEIRO (ID_ARTIFICIAL, ARQUIVO) VALUES (1, 'breaking_bad_s01e01.txt');
INSERT INTO ROTEIRO (ID_ARTIFICIAL, ARQUIVO) VALUES (2, 'breaking_bad_s01e02.txt');
INSERT INTO ROTEIRO (ID_ARTIFICIAL, ARQUIVO) VALUES (3, 'breaking_bad_s01e03.txt');
INSERT INTO ROTEIRO (ID_ARTIFICIAL, ARQUIVO) VALUES (4, 'breaking_bad_s01e04.txt');
INSERT INTO ROTEIRO (ID_ARTIFICIAL, ARQUIVO) VALUES (5, 'breaking_bad_s01e05.txt');
INSERT INTO ROTEIRO (ID_ARTIFICIAL, ARQUIVO) VALUES (6, 'breaking_bad_s01e06.txt');
INSERT INTO ROTEIRO (ID_ARTIFICIAL, ARQUIVO) VALUES (7, 'breaking_bad_s01e07.txt');
INSERT INTO ROTEIRO (ID_ARTIFICIAL, ARQUIVO) VALUES (8, 'breaking_bad_s02e01.txt');
INSERT INTO ROTEIRO (ID_ARTIFICIAL, ARQUIVO) VALUES (9, 'breaking_bad_s02e02.txt');
INSERT INTO ROTEIRO (ID_ARTIFICIAL, ARQUIVO) VALUES (10, 'breaking_bad_s02e03.txt');
INSERT INTO ROTEIRO (ID_ARTIFICIAL, ARQUIVO) VALUES (11, 'breaking_bad_s02e04.txt');
INSERT INTO ROTEIRO (ID_ARTIFICIAL, ARQUIVO) VALUES (12, 'breaking_bad_s02e05.txt');
INSERT INTO ROTEIRO (ID_ARTIFICIAL, ARQUIVO) VALUES (13, 'breaking_bad_s02e06.txt');
INSERT INTO ROTEIRO (ID_ARTIFICIAL, ARQUIVO) VALUES (14, 'breaking_bad_s02e07.txt');
INSERT INTO ROTEIRO (ID_ARTIFICIAL, ARQUIVO) VALUES (15, 'breaking_bad_s02e08.txt');
INSERT INTO ROTEIRO (ID_ARTIFICIAL, ARQUIVO) VALUES (16, 'breaking_bad_s02e09.txt');
INSERT INTO ROTEIRO (ID_ARTIFICIAL, ARQUIVO) VALUES (17, 'breaking_bad_s02e010.txt');
INSERT INTO ROTEIRO (ID_ARTIFICIAL, ARQUIVO) VALUES (18, 'breaking_bad_s02e011.txt');
INSERT INTO ROTEIRO (ID_ARTIFICIAL, ARQUIVO) VALUES (19, 'breaking_bad_s02e012.txt');
INSERT INTO ROTEIRO (ID_ARTIFICIAL, ARQUIVO) VALUES (20, 'breaking_bad_s02e013.txt');
INSERT INTO ROTEIRO (ID_ARTIFICIAL, ARQUIVO) VALUES (21, 'breaking_bad_s03e01.txt');
INSERT INTO ROTEIRO (ID_ARTIFICIAL, ARQUIVO) VALUES (22, 'breaking_bad_s03e02.txt');
INSERT INTO ROTEIRO (ID_ARTIFICIAL, ARQUIVO) VALUES (23, 'breaking_bad_s03e03.txt');
INSERT INTO ROTEIRO (ID_ARTIFICIAL, ARQUIVO) VALUES (24, 'breaking_bad_s03e04.txt');
INSERT INTO ROTEIRO (ID_ARTIFICIAL, ARQUIVO) VALUES (25, 'breaking_bad_s03e05.txt');
INSERT INTO ROTEIRO (ID_ARTIFICIAL, ARQUIVO) VALUES (26, 'breaking_bad_s03e06.txt');
INSERT INTO ROTEIRO (ID_ARTIFICIAL, ARQUIVO) VALUES (27, 'breaking_bad_s03e07.txt');
INSERT INTO ROTEIRO (ID_ARTIFICIAL, ARQUIVO) VALUES (28, 'breaking_bad_s03e08.txt');
INSERT INTO ROTEIRO (ID_ARTIFICIAL, ARQUIVO) VALUES (29, 'breaking_bad_s03e09.txt');
INSERT INTO ROTEIRO (ID_ARTIFICIAL, ARQUIVO) VALUES (30, 'breaking_bad_s03e010.txt');
INSERT INTO ROTEIRO (ID_ARTIFICIAL, ARQUIVO) VALUES (31, 'breaking_bad_s03e011.txt');
INSERT INTO ROTEIRO (ID_ARTIFICIAL, ARQUIVO) VALUES (32, 'breaking_bad_s03e012.txt');
INSERT INTO ROTEIRO (ID_ARTIFICIAL, ARQUIVO) VALUES (33, 'breaking_bad_s03e013.txt');
INSERT INTO ROTEIRO (ID_ARTIFICIAL, ARQUIVO) VALUES (34, 'breaking_bad_s04e01.txt');
INSERT INTO ROTEIRO (ID_ARTIFICIAL, ARQUIVO) VALUES (35, 'breaking_bad_s04e02.txt');
INSERT INTO ROTEIRO (ID_ARTIFICIAL, ARQUIVO) VALUES (36, 'breaking_bad_s04e03.txt');
INSERT INTO ROTEIRO (ID_ARTIFICIAL, ARQUIVO) VALUES (37, 'breaking_bad_s04e04.txt');
INSERT INTO ROTEIRO (ID_ARTIFICIAL, ARQUIVO) VALUES (38, 'breaking_bad_s04e05.txt');
INSERT INTO ROTEIRO (ID_ARTIFICIAL, ARQUIVO) VALUES (39, 'breaking_bad_s04e06.txt');
INSERT INTO ROTEIRO (ID_ARTIFICIAL, ARQUIVO) VALUES (40, 'breaking_bad_s04e07.txt');
INSERT INTO ROTEIRO (ID_ARTIFICIAL, ARQUIVO) VALUES (41, 'breaking_bad_s04e08.txt');
INSERT INTO ROTEIRO (ID_ARTIFICIAL, ARQUIVO) VALUES (42, 'breaking_bad_s04e09.txt');
INSERT INTO ROTEIRO (ID_ARTIFICIAL, ARQUIVO) VALUES (43, 'breaking_bad_s04e010.txt');
INSERT INTO ROTEIRO (ID_ARTIFICIAL, ARQUIVO) VALUES (44, 'breaking_bad_s04e011.txt');
INSERT INTO ROTEIRO (ID_ARTIFICIAL, ARQUIVO) VALUES (45, 'breaking_bad_s04e012.txt');
INSERT INTO ROTEIRO (ID_ARTIFICIAL, ARQUIVO) VALUES (46, 'breaking_bad_s04e013.txt');
INSERT INTO ROTEIRO (ID_ARTIFICIAL, ARQUIVO) VALUES (47, 'breaking_bad_s05e01.txt');
INSERT INTO ROTEIRO (ID_ARTIFICIAL, ARQUIVO) VALUES (48, 'breaking_bad_s05e02.txt');
INSERT INTO ROTEIRO (ID_ARTIFICIAL, ARQUIVO) VALUES (49, 'breaking_bad_s05e03.txt');
INSERT INTO ROTEIRO (ID_ARTIFICIAL, ARQUIVO) VALUES (50, 'breaking_bad_s05e04.txt');
INSERT INTO ROTEIRO (ID_ARTIFICIAL, ARQUIVO) VALUES (51, 'breaking_bad_s05e05.txt');
INSERT INTO ROTEIRO (ID_ARTIFICIAL, ARQUIVO) VALUES (52, 'breaking_bad_s05e06.txt');
INSERT INTO ROTEIRO (ID_ARTIFICIAL, ARQUIVO) VALUES (53, 'breaking_bad_s05e07.txt');
INSERT INTO ROTEIRO (ID_ARTIFICIAL, ARQUIVO) VALUES (54, 'breaking_bad_s05e08.txt');
INSERT INTO ROTEIRO (ID_ARTIFICIAL, ARQUIVO) VALUES (55, 'breaking_bad_s05e09.txt');
INSERT INTO ROTEIRO (ID_ARTIFICIAL, ARQUIVO) VALUES (56, 'breaking_bad_s05e010.txt');
INSERT INTO ROTEIRO (ID_ARTIFICIAL, ARQUIVO) VALUES (57, 'breaking_bad_s05e011.txt');
INSERT INTO ROTEIRO (ID_ARTIFICIAL, ARQUIVO) VALUES (58, 'breaking_bad_s05e012.txt');
INSERT INTO ROTEIRO (ID_ARTIFICIAL, ARQUIVO) VALUES (59, 'breaking_bad_s05e013.txt');
INSERT INTO ROTEIRO (ID_ARTIFICIAL, ARQUIVO) VALUES (60, 'breaking_bad_s05e014.txt');
INSERT INTO ROTEIRO (ID_ARTIFICIAL, ARQUIVO) VALUES (61, 'breaking_bad_s05e015.txt');
INSERT INTO ROTEIRO (ID_ARTIFICIAL, ARQUIVO) VALUES (62, 'breaking_bad_s05e016.txt');


INSERT INTO PERSONAGEM (RDA, NOME) VALUES (27, 'Walter White');
INSERT INTO PERSONAGEM (RDA, NOME) VALUES (28, 'Jesse Pinkman');
INSERT INTO PERSONAGEM (RDA, NOME) VALUES (29, 'Skyler White');
INSERT INTO PERSONAGEM (RDA, NOME) VALUES (30, 'Hank Schrader');
INSERT INTO PERSONAGEM (RDA, NOME) VALUES (31, 'Marie Schrader');
INSERT INTO PERSONAGEM (RDA, NOME) VALUES (32, 'Walter White Jr.');
INSERT INTO PERSONAGEM (RDA, NOME) VALUES (33, 'Saul Goodman');
INSERT INTO PERSONAGEM (RDA, NOME) VALUES (34, 'Gus Fring');
INSERT INTO PERSONAGEM (RDA, NOME) VALUES (35, 'Mike Ehrmantraut');
INSERT INTO PERSONAGEM (RDA, NOME) VALUES (36, 'Tuco Salamanca');
INSERT INTO PERSONAGEM (RDA, NOME) VALUES (37, 'Ted Beneke');
INSERT INTO PERSONAGEM (RDA, NOME) VALUES (38, 'Lydia Rodarte-Quayle');
INSERT INTO PERSONAGEM (RDA, NOME) VALUES (39, 'Steven Gomez');
INSERT INTO PERSONAGEM (RDA, NOME) VALUES (40, 'Skinny Pete');
INSERT INTO PERSONAGEM (RDA, NOME) VALUES (41, 'Badger');


INSERT INTO PRINCIPAL (RDA) VALUES (27);
INSERT INTO PRINCIPAL (RDA) VALUES (28);
INSERT INTO PRINCIPAL (RDA) VALUES (29);
INSERT INTO PRINCIPAL (RDA) VALUES (30);
INSERT INTO PRINCIPAL (RDA) VALUES (31);
INSERT INTO PRINCIPAL (RDA) VALUES (32);
INSERT INTO PRINCIPAL (RDA) VALUES (33);

INSERT INTO COADJUVANTE (RDA, FIGURANTE) VALUES (34, 'FALSE');
INSERT INTO COADJUVANTE (RDA, FIGURANTE) VALUES (35, 'FALSE');
INSERT INTO COADJUVANTE (RDA, FIGURANTE) VALUES (36, 'FALSE');
INSERT INTO COADJUVANTE (RDA, FIGURANTE) VALUES (37, 'FALSE');
INSERT INTO COADJUVANTE (RDA, FIGURANTE) VALUES (38, 'FALSE');
INSERT INTO COADJUVANTE (RDA, FIGURANTE) VALUES (39, 'FALSE');
INSERT INTO COADJUVANTE (RDA, FIGURANTE) VALUES (40, 'FALSE');
INSERT INTO COADJUVANTE (RDA, FIGURANTE) VALUES (41, 'FALSE');


INSERT INTO ATOR (CPF, NOME) VALUES ('11111111111', 'Bryan Cranston');
INSERT INTO ATOR (CPF, NOME) VALUES ('12222222221', 'Aaron Paul');
INSERT INTO ATOR (CPF, NOME) VALUES ('12222222222', 'Anna Gunn');
INSERT INTO ATOR (CPF, NOME) VALUES ('12222222223', 'Dean Norris');
INSERT INTO ATOR (CPF, NOME) VALUES ('12222222224', 'Betsy Brandt');
INSERT INTO ATOR (CPF, NOME) VALUES ('12222222225', 'RJ Mitte');
INSERT INTO ATOR (CPF, NOME) VALUES ('12222222226', 'Bob Odenkirk');
INSERT INTO ATOR (CPF, NOME) VALUES ('12222222227', 'Giancarlo Esposito');
INSERT INTO ATOR (CPF, NOME) VALUES ('12222222228', 'Jonathan Banks');
INSERT INTO ATOR (CPF, NOME) VALUES ('12222222229', 'Raymond Cruz');
INSERT INTO ATOR (CPF, NOME) VALUES ('12222222210', 'Christopher Cousins');
INSERT INTO ATOR (CPF, NOME) VALUES ('12222222211', 'Laura Fraser');
INSERT INTO ATOR (CPF, NOME) VALUES ('12222222212', 'Steven Michael Quezada');
INSERT INTO ATOR (CPF, NOME) VALUES ('12222222292', 'Charles Baker');
INSERT INTO ATOR (CPF, NOME) VALUES ('12222222252', 'Matt Jones');


INSERT INTO EQUIPE_DE_EDITORES (ID_ARTIFICIAL, TIPO)
VALUES (8, 'High Bridge Productions');


INSERT INTO TEMPORADA (CODIGO, NUMERO) VALUES ('BB01', 1);
INSERT INTO TEMPORADA (CODIGO, NUMERO) VALUES ('BB01', 2);
INSERT INTO TEMPORADA (CODIGO, NUMERO) VALUES ('BB01', 3);
INSERT INTO TEMPORADA (CODIGO, NUMERO) VALUES ('BB01', 4);
INSERT INTO TEMPORADA (CODIGO, NUMERO) VALUES ('BB01', 5);


INSERT INTO EPISODIO (CODIGO, NUMERO_TEMP, NUMERO_EP, TITULO, TEMPO_DE_DURACAO, ROTEIRO_ID) VALUES ('BB01', 1, 1, 'Pilot', '00:58:00', 1);
INSERT INTO EPISODIO (CODIGO, NUMERO_TEMP, NUMERO_EP, TITULO, TEMPO_DE_DURACAO, ROTEIRO_ID) VALUES ('BB01', 1, 2, 'Cat’''s in the Bag…', '00:48:00', 2);
INSERT INTO EPISODIO (CODIGO, NUMERO_TEMP, NUMERO_EP, TITULO, TEMPO_DE_DURACAO, ROTEIRO_ID) VALUES ('BB01', 1, 3, '...And the Bag''s in the River', '00:48:00', 3);
INSERT INTO EPISODIO (CODIGO, NUMERO_TEMP, NUMERO_EP, TITULO, TEMPO_DE_DURACAO, ROTEIRO_ID) VALUES ('BB01', 1, 4, 'Cancer Man', '00:47:00', 4);
INSERT INTO EPISODIO (CODIGO, NUMERO_TEMP, NUMERO_EP, TITULO, TEMPO_DE_DURACAO, ROTEIRO_ID) VALUES ('BB01', 1, 5, 'Gray Matter', '00:47:00', 5);
INSERT INTO EPISODIO (CODIGO, NUMERO_TEMP, NUMERO_EP, TITULO, TEMPO_DE_DURACAO, ROTEIRO_ID) VALUES ('BB01', 1, 6, 'Crazy Handful of Nothin', '00:48:00', 6);
INSERT INTO EPISODIO (CODIGO, NUMERO_TEMP, NUMERO_EP, TITULO, TEMPO_DE_DURACAO, ROTEIRO_ID) VALUES ('BB01', 1, 7, 'A No-Rough-Stuff-Type Deal', '00:48:00', 7);

INSERT INTO EPISODIO (CODIGO, NUMERO_TEMP, NUMERO_EP, TITULO, TEMPO_DE_DURACAO, ROTEIRO_ID) VALUES ('BB01', 2, 1, 'Seven Thirty-Seven', '00:58:00', 8);
INSERT INTO EPISODIO (CODIGO, NUMERO_TEMP, NUMERO_EP, TITULO, TEMPO_DE_DURACAO, ROTEIRO_ID) VALUES ('BB01', 2, 2, 'Grilled', '00:58:00', 9);
INSERT INTO EPISODIO (CODIGO, NUMERO_TEMP, NUMERO_EP, TITULO, TEMPO_DE_DURACAO, ROTEIRO_ID) VALUES ('BB01', 2, 3, 'Bit by a Dead Bee', '00:58:00', 10);
INSERT INTO EPISODIO (CODIGO, NUMERO_TEMP, NUMERO_EP, TITULO, TEMPO_DE_DURACAO, ROTEIRO_ID) VALUES ('BB01', 2, 4, 'Down', '00:58:00', 11);
INSERT INTO EPISODIO (CODIGO, NUMERO_TEMP, NUMERO_EP, TITULO, TEMPO_DE_DURACAO, ROTEIRO_ID) VALUES ('BB01', 2, 5, 'Breakage', '00:58:00', 12);
INSERT INTO EPISODIO (CODIGO, NUMERO_TEMP, NUMERO_EP, TITULO, TEMPO_DE_DURACAO, ROTEIRO_ID) VALUES ('BB01', 2, 6, 'Peekaboo', '00:58:00', 13);
INSERT INTO EPISODIO (CODIGO, NUMERO_TEMP, NUMERO_EP, TITULO, TEMPO_DE_DURACAO, ROTEIRO_ID) VALUES ('BB01', 2, 7, 'Negro y Azul', '00:58:00', 14);
INSERT INTO EPISODIO (CODIGO, NUMERO_TEMP, NUMERO_EP, TITULO, TEMPO_DE_DURACAO, ROTEIRO_ID) VALUES ('BB01', 2, 8, 'Better Call Saul', '00:58:00', 15);
INSERT INTO EPISODIO (CODIGO, NUMERO_TEMP, NUMERO_EP, TITULO, TEMPO_DE_DURACAO, ROTEIRO_ID) VALUES ('BB01', 2, 9, '4 Days Out', '00:58:00', 16);
INSERT INTO EPISODIO (CODIGO, NUMERO_TEMP, NUMERO_EP, TITULO, TEMPO_DE_DURACAO, ROTEIRO_ID) VALUES ('BB01', 2, 10, 'Over', '00:58:00', 17);
INSERT INTO EPISODIO (CODIGO, NUMERO_TEMP, NUMERO_EP, TITULO, TEMPO_DE_DURACAO, ROTEIRO_ID) VALUES ('BB01', 2, 11, 'Mandala', '00:58:00', 18);
INSERT INTO EPISODIO (CODIGO, NUMERO_TEMP, NUMERO_EP, TITULO, TEMPO_DE_DURACAO, ROTEIRO_ID) VALUES ('BB01', 2, 12, 'Phoenix', '00:58:00', 19);
INSERT INTO EPISODIO (CODIGO, NUMERO_TEMP, NUMERO_EP, TITULO, TEMPO_DE_DURACAO, ROTEIRO_ID) VALUES ('BB01', 2, 13, 'ABQ', '00:58:00', 20);

INSERT INTO EPISODIO (CODIGO, NUMERO_TEMP, NUMERO_EP, TITULO, TEMPO_DE_DURACAO, ROTEIRO_ID) VALUES ('BB01', 3, 1, 'No Mas', '00:47:00', 21);
INSERT INTO EPISODIO (CODIGO, NUMERO_TEMP, NUMERO_EP, TITULO, TEMPO_DE_DURACAO, ROTEIRO_ID) VALUES ('BB01', 3, 2, 'Caballo Sin Nombre', '00:47:00', 22);
INSERT INTO EPISODIO (CODIGO, NUMERO_TEMP, NUMERO_EP, TITULO, TEMPO_DE_DURACAO, ROTEIRO_ID) VALUES ('BB01', 3, 3, 'I.F.T.', '00:47:00', 23);
INSERT INTO EPISODIO (CODIGO, NUMERO_TEMP, NUMERO_EP, TITULO, TEMPO_DE_DURACAO, ROTEIRO_ID) VALUES ('BB01', 3, 4, 'Green Light', '00:47:00', 24);
INSERT INTO EPISODIO (CODIGO, NUMERO_TEMP, NUMERO_EP, TITULO, TEMPO_DE_DURACAO, ROTEIRO_ID) VALUES ('BB01', 3, 5, 'Mas', '00:47:00', 25);
INSERT INTO EPISODIO (CODIGO, NUMERO_TEMP, NUMERO_EP, TITULO, TEMPO_DE_DURACAO, ROTEIRO_ID) VALUES ('BB01', 3, 6, 'Sunset', '00:47:00', 26);
INSERT INTO EPISODIO (CODIGO, NUMERO_TEMP, NUMERO_EP, TITULO, TEMPO_DE_DURACAO, ROTEIRO_ID) VALUES ('BB01', 3, 7, 'One Minute', '00:47:00', 27);
INSERT INTO EPISODIO (CODIGO, NUMERO_TEMP, NUMERO_EP, TITULO, TEMPO_DE_DURACAO, ROTEIRO_ID) VALUES ('BB01', 3, 8, 'I See You', '00:47:00', 28);
INSERT INTO EPISODIO (CODIGO, NUMERO_TEMP, NUMERO_EP, TITULO, TEMPO_DE_DURACAO, ROTEIRO_ID) VALUES ('BB01', 3, 9, 'Kafkaesque', '00:47:00', 29);
INSERT INTO EPISODIO (CODIGO, NUMERO_TEMP, NUMERO_EP, TITULO, TEMPO_DE_DURACAO, ROTEIRO_ID) VALUES ('BB01', 3, 10, 'Fly', '00:47:00', 30);
INSERT INTO EPISODIO (CODIGO, NUMERO_TEMP, NUMERO_EP, TITULO, TEMPO_DE_DURACAO, ROTEIRO_ID) VALUES ('BB01', 3, 11, 'Abiquiu', '00:47:00', 31);
INSERT INTO EPISODIO (CODIGO, NUMERO_TEMP, NUMERO_EP, TITULO, TEMPO_DE_DURACAO, ROTEIRO_ID) VALUES ('BB01', 3, 12, 'Half Measures', '00:47:00', 32);
INSERT INTO EPISODIO (CODIGO, NUMERO_TEMP, NUMERO_EP, TITULO, TEMPO_DE_DURACAO, ROTEIRO_ID) VALUES ('BB01', 3, 13, 'Full Measure', '00:58:00', 33);

INSERT INTO EPISODIO (CODIGO, NUMERO_TEMP, NUMERO_EP, TITULO, TEMPO_DE_DURACAO, ROTEIRO_ID) VALUES ('BB01', 4, 1, 'Box Cutter', '00:47:00', 34);
INSERT INTO EPISODIO (CODIGO, NUMERO_TEMP, NUMERO_EP, TITULO, TEMPO_DE_DURACAO, ROTEIRO_ID) VALUES ('BB01', 4, 2, 'Thirty-Eight Snub', '00:47:00', 35);
INSERT INTO EPISODIO (CODIGO, NUMERO_TEMP, NUMERO_EP, TITULO, TEMPO_DE_DURACAO, ROTEIRO_ID) VALUES ('BB01', 4, 3, 'Open House', '00:47:00', 36);
INSERT INTO EPISODIO (CODIGO, NUMERO_TEMP, NUMERO_EP, TITULO, TEMPO_DE_DURACAO, ROTEIRO_ID) VALUES ('BB01', 4, 4, 'Bullet Points', '00:47:00', 37);
INSERT INTO EPISODIO (CODIGO, NUMERO_TEMP, NUMERO_EP, TITULO, TEMPO_DE_DURACAO, ROTEIRO_ID) VALUES ('BB01', 4, 5, 'Shotgun', '00:47:00', 38);
INSERT INTO EPISODIO (CODIGO, NUMERO_TEMP, NUMERO_EP, TITULO, TEMPO_DE_DURACAO, ROTEIRO_ID) VALUES ('BB01', 4, 6, 'Cornered', '00:47:00', 39);
INSERT INTO EPISODIO (CODIGO, NUMERO_TEMP, NUMERO_EP, TITULO, TEMPO_DE_DURACAO, ROTEIRO_ID) VALUES ('BB01', 4, 7, 'Problem Dog', '00:47:00', 40);
INSERT INTO EPISODIO (CODIGO, NUMERO_TEMP, NUMERO_EP, TITULO, TEMPO_DE_DURACAO, ROTEIRO_ID) VALUES ('BB01', 4, 8, 'Hermanos', '00:47:00', 41);
INSERT INTO EPISODIO (CODIGO, NUMERO_TEMP, NUMERO_EP, TITULO, TEMPO_DE_DURACAO, ROTEIRO_ID) VALUES ('BB01', 4, 9, 'Bug', '00:47:00', 42);
INSERT INTO EPISODIO (CODIGO, NUMERO_TEMP, NUMERO_EP, TITULO, TEMPO_DE_DURACAO, ROTEIRO_ID) VALUES ('BB01', 4, 10, 'Salud', '00:47:00', 43);
INSERT INTO EPISODIO (CODIGO, NUMERO_TEMP, NUMERO_EP, TITULO, TEMPO_DE_DURACAO, ROTEIRO_ID) VALUES ('BB01', 4, 11, 'Crawl Space', '00:47:00', 44);
INSERT INTO EPISODIO (CODIGO, NUMERO_TEMP, NUMERO_EP, TITULO, TEMPO_DE_DURACAO, ROTEIRO_ID) VALUES ('BB01', 4, 12, 'End Times', '00:47:00', 45);
INSERT INTO EPISODIO (CODIGO, NUMERO_TEMP, NUMERO_EP, TITULO, TEMPO_DE_DURACAO, ROTEIRO_ID) VALUES ('BB01', 4, 13, 'Face Off', '00:55:00', 46);

INSERT INTO EPISODIO (CODIGO, NUMERO_TEMP, NUMERO_EP, TITULO, TEMPO_DE_DURACAO, ROTEIRO_ID) VALUES ('BB01', 5, 1, 'Live Free or Die', '00:42:00', 47);
INSERT INTO EPISODIO (CODIGO, NUMERO_TEMP, NUMERO_EP, TITULO, TEMPO_DE_DURACAO, ROTEIRO_ID) VALUES ('BB01', 5, 2, 'Madrigal', '00:47:00', 48);
INSERT INTO EPISODIO (CODIGO, NUMERO_TEMP, NUMERO_EP, TITULO, TEMPO_DE_DURACAO, ROTEIRO_ID) VALUES ('BB01', 5, 3, 'Hazard Pay', '00:47:00', 49);
INSERT INTO EPISODIO (CODIGO, NUMERO_TEMP, NUMERO_EP, TITULO, TEMPO_DE_DURACAO, ROTEIRO_ID) VALUES ('BB01', 5, 4, 'Fifty-One', '00:47:00', 50);
INSERT INTO EPISODIO (CODIGO, NUMERO_TEMP, NUMERO_EP, TITULO, TEMPO_DE_DURACAO, ROTEIRO_ID) VALUES ('BB01', 5, 5, 'Dead Freight', '00:48:00', 51);
INSERT INTO EPISODIO (CODIGO, NUMERO_TEMP, NUMERO_EP, TITULO, TEMPO_DE_DURACAO, ROTEIRO_ID) VALUES ('BB01', 5, 6, 'Buyout', '00:47:00', 52);
INSERT INTO EPISODIO (CODIGO, NUMERO_TEMP, NUMERO_EP, TITULO, TEMPO_DE_DURACAO, ROTEIRO_ID) VALUES ('BB01', 5, 7, 'Say My Name', '00:48:00', 53);
INSERT INTO EPISODIO (CODIGO, NUMERO_TEMP, NUMERO_EP, TITULO, TEMPO_DE_DURACAO, ROTEIRO_ID) VALUES ('BB01', 5, 8, 'Gliding Over All', '00:48:00', 54);
INSERT INTO EPISODIO (CODIGO, NUMERO_TEMP, NUMERO_EP, TITULO, TEMPO_DE_DURACAO, ROTEIRO_ID) VALUES ('BB01', 5, 9, 'Blood Money', '00:48:00', 55);
INSERT INTO EPISODIO (CODIGO, NUMERO_TEMP, NUMERO_EP, TITULO, TEMPO_DE_DURACAO, ROTEIRO_ID) VALUES ('BB01', 5, 10, 'Buried', '00:48:00', 56);
INSERT INTO EPISODIO (CODIGO, NUMERO_TEMP, NUMERO_EP, TITULO, TEMPO_DE_DURACAO, ROTEIRO_ID) VALUES ('BB01', 5, 11, 'Confessions', '00:48:00', 57);
INSERT INTO EPISODIO (CODIGO, NUMERO_TEMP, NUMERO_EP, TITULO, TEMPO_DE_DURACAO, ROTEIRO_ID) VALUES ('BB01', 5, 12, 'Rabid Dog', '00:47:00', 58);
INSERT INTO EPISODIO (CODIGO, NUMERO_TEMP, NUMERO_EP, TITULO, TEMPO_DE_DURACAO, ROTEIRO_ID) VALUES ('BB01', 5, 13, 'To''hajiilee', '00:47:00', 59);
INSERT INTO EPISODIO (CODIGO, NUMERO_TEMP, NUMERO_EP, TITULO, TEMPO_DE_DURACAO, ROTEIRO_ID) VALUES ('BB01', 5, 14, 'Ozymandias', '00:48:00', 60);
INSERT INTO EPISODIO (CODIGO, NUMERO_TEMP, NUMERO_EP, TITULO, TEMPO_DE_DURACAO, ROTEIRO_ID) VALUES ('BB01', 5, 15, 'Granite State', '00:55:00', 61);
INSERT INTO EPISODIO (CODIGO, NUMERO_TEMP, NUMERO_EP, TITULO, TEMPO_DE_DURACAO, ROTEIRO_ID) VALUES ('BB01', 5, 16, 'Felina', '00:55:00', 62);


INSERT INTO ESCREVE (CPF, ID_ARTIFICIAL)
 VALUES ('10000000191', 1);
INSERT INTO ESCREVE (CPF, ID_ARTIFICIAL)
 VALUES ('10000000191', 2);
INSERT INTO ESCREVE (CPF, ID_ARTIFICIAL)
 VALUES ('10000000191', 3);
INSERT INTO ESCREVE (CPF, ID_ARTIFICIAL)
 VALUES ('10000000191', 4);
INSERT INTO ESCREVE (CPF, ID_ARTIFICIAL)
 VALUES ('10000000191', 5);
INSERT INTO ESCREVE (CPF, ID_ARTIFICIAL)
 VALUES ('10000000191', 6);
INSERT INTO ESCREVE (CPF, ID_ARTIFICIAL)
 VALUES ('10000000191', 7);
INSERT INTO ESCREVE (CPF, ID_ARTIFICIAL)
 VALUES ('10000000191', 8);
INSERT INTO ESCREVE (CPF, ID_ARTIFICIAL)
 VALUES ('10000000191', 9);
INSERT INTO ESCREVE (CPF, ID_ARTIFICIAL)
 VALUES ('10000000191', 10);
INSERT INTO ESCREVE (CPF, ID_ARTIFICIAL)
 VALUES ('10000000191', 11);
INSERT INTO ESCREVE (CPF, ID_ARTIFICIAL)
 VALUES ('10000000191', 12);
INSERT INTO ESCREVE (CPF, ID_ARTIFICIAL)
 VALUES ('10000000191', 13);
INSERT INTO ESCREVE (CPF, ID_ARTIFICIAL)
 VALUES ('10000000191', 14);
INSERT INTO ESCREVE (CPF, ID_ARTIFICIAL)
 VALUES ('10000000191', 15);
INSERT INTO ESCREVE (CPF, ID_ARTIFICIAL)
 VALUES ('10000000191', 16);
INSERT INTO ESCREVE (CPF, ID_ARTIFICIAL)
 VALUES ('10000000191', 17);
INSERT INTO ESCREVE (CPF, ID_ARTIFICIAL)
 VALUES ('10000000191', 18);
INSERT INTO ESCREVE (CPF, ID_ARTIFICIAL)
 VALUES ('10000000191', 19);
INSERT INTO ESCREVE (CPF, ID_ARTIFICIAL)
 VALUES ('10000000191', 20);
INSERT INTO ESCREVE (CPF, ID_ARTIFICIAL)
 VALUES ('10000000191', 21);
INSERT INTO ESCREVE (CPF, ID_ARTIFICIAL)
 VALUES ('10000000191', 22);
INSERT INTO ESCREVE (CPF, ID_ARTIFICIAL)
 VALUES ('10000000191', 23);
INSERT INTO ESCREVE (CPF, ID_ARTIFICIAL)
 VALUES ('10000000191', 24);
INSERT INTO ESCREVE (CPF, ID_ARTIFICIAL)
 VALUES ('10000000191', 25);
INSERT INTO ESCREVE (CPF, ID_ARTIFICIAL)
 VALUES ('10000000191', 26);
INSERT INTO ESCREVE (CPF, ID_ARTIFICIAL)
 VALUES ('10000000191', 27);
INSERT INTO ESCREVE (CPF, ID_ARTIFICIAL)
 VALUES ('10000000191', 28);
INSERT INTO ESCREVE (CPF, ID_ARTIFICIAL)
 VALUES ('10000000191', 29);
INSERT INTO ESCREVE (CPF, ID_ARTIFICIAL)
 VALUES ('10000000191', 30);
INSERT INTO ESCREVE (CPF, ID_ARTIFICIAL)
 VALUES ('10000000191', 31);
INSERT INTO ESCREVE (CPF, ID_ARTIFICIAL)
 VALUES ('10000000191', 32);
INSERT INTO ESCREVE (CPF, ID_ARTIFICIAL)
 VALUES ('10000000191', 33);
INSERT INTO ESCREVE (CPF, ID_ARTIFICIAL)
 VALUES ('10000000191', 34);
INSERT INTO ESCREVE (CPF, ID_ARTIFICIAL)
 VALUES ('10000000191', 35);
INSERT INTO ESCREVE (CPF, ID_ARTIFICIAL)
 VALUES ('10000000191', 36);
INSERT INTO ESCREVE (CPF, ID_ARTIFICIAL)
 VALUES ('10000000191', 37);
INSERT INTO ESCREVE (CPF, ID_ARTIFICIAL)
 VALUES ('10000000191', 38);
INSERT INTO ESCREVE (CPF, ID_ARTIFICIAL)
 VALUES ('10000000191', 39);
INSERT INTO ESCREVE (CPF, ID_ARTIFICIAL)
 VALUES ('10000000191', 40);
INSERT INTO ESCREVE (CPF, ID_ARTIFICIAL)
 VALUES ('10000000191', 41);
INSERT INTO ESCREVE (CPF, ID_ARTIFICIAL)
 VALUES ('10000000191', 42);
INSERT INTO ESCREVE (CPF, ID_ARTIFICIAL)
 VALUES ('10000000191', 43);
INSERT INTO ESCREVE (CPF, ID_ARTIFICIAL)
 VALUES ('10000000191', 44);
INSERT INTO ESCREVE (CPF, ID_ARTIFICIAL)
 VALUES ('10000000191', 45);
INSERT INTO ESCREVE (CPF, ID_ARTIFICIAL)
 VALUES ('10000000191', 46);
INSERT INTO ESCREVE (CPF, ID_ARTIFICIAL)
 VALUES ('10000000191', 47);
INSERT INTO ESCREVE (CPF, ID_ARTIFICIAL)
 VALUES ('10000000191', 48);
INSERT INTO ESCREVE (CPF, ID_ARTIFICIAL)
 VALUES ('10000000191', 49);
INSERT INTO ESCREVE (CPF, ID_ARTIFICIAL)
 VALUES ('10000000191', 50);
INSERT INTO ESCREVE (CPF, ID_ARTIFICIAL)
 VALUES ('10000000191', 51);
INSERT INTO ESCREVE (CPF, ID_ARTIFICIAL)
 VALUES ('10000000191', 52);
INSERT INTO ESCREVE (CPF, ID_ARTIFICIAL)
 VALUES ('10000000191', 53);
INSERT INTO ESCREVE (CPF, ID_ARTIFICIAL)
 VALUES ('10000000191', 54);
INSERT INTO ESCREVE (CPF, ID_ARTIFICIAL)
 VALUES ('10000000191', 55);
INSERT INTO ESCREVE (CPF, ID_ARTIFICIAL)
 VALUES ('10000000191', 56);
INSERT INTO ESCREVE (CPF, ID_ARTIFICIAL)
 VALUES ('10000000191', 57);
INSERT INTO ESCREVE (CPF, ID_ARTIFICIAL)
 VALUES ('10000000191', 58);
INSERT INTO ESCREVE (CPF, ID_ARTIFICIAL)
 VALUES ('10000000191', 59);
INSERT INTO ESCREVE (CPF, ID_ARTIFICIAL)
 VALUES ('10000000191', 60);
INSERT INTO ESCREVE (CPF, ID_ARTIFICIAL)
 VALUES ('10000000191', 61);
INSERT INTO ESCREVE (CPF, ID_ARTIFICIAL)
 VALUES ('10000000191', 62);

INSERT INTO ESCREVE (CPF, ID_ARTIFICIAL)
 VALUES ('10000000464', 1);
INSERT INTO ESCREVE (CPF, ID_ARTIFICIAL)
 VALUES ('10000000464', 2);
INSERT INTO ESCREVE (CPF, ID_ARTIFICIAL)
 VALUES ('10000000464', 3);
INSERT INTO ESCREVE (CPF, ID_ARTIFICIAL)
 VALUES ('10000000464', 4);
INSERT INTO ESCREVE (CPF, ID_ARTIFICIAL)
 VALUES ('10000000464', 5);
INSERT INTO ESCREVE (CPF, ID_ARTIFICIAL)
 VALUES ('10000000464', 6);
INSERT INTO ESCREVE (CPF, ID_ARTIFICIAL)
 VALUES ('10000000464', 7);
INSERT INTO ESCREVE (CPF, ID_ARTIFICIAL)
 VALUES ('10000000464', 8);
INSERT INTO ESCREVE (CPF, ID_ARTIFICIAL)
 VALUES ('10000000464', 9);
INSERT INTO ESCREVE (CPF, ID_ARTIFICIAL)
 VALUES ('10000000464', 10);
INSERT INTO ESCREVE (CPF, ID_ARTIFICIAL)
 VALUES ('10000000464', 11);
INSERT INTO ESCREVE (CPF, ID_ARTIFICIAL)
 VALUES ('10000000464', 12);
INSERT INTO ESCREVE (CPF, ID_ARTIFICIAL)
 VALUES ('10000000464', 13);
INSERT INTO ESCREVE (CPF, ID_ARTIFICIAL)
 VALUES ('10000000464', 14);
INSERT INTO ESCREVE (CPF, ID_ARTIFICIAL)
 VALUES ('10000000464', 15);
INSERT INTO ESCREVE (CPF, ID_ARTIFICIAL)
 VALUES ('10000000464', 16);
INSERT INTO ESCREVE (CPF, ID_ARTIFICIAL)
 VALUES ('10000000464', 17);
INSERT INTO ESCREVE (CPF, ID_ARTIFICIAL)
 VALUES ('10000000464', 18);
INSERT INTO ESCREVE (CPF, ID_ARTIFICIAL)
 VALUES ('10000000464', 19);
INSERT INTO ESCREVE (CPF, ID_ARTIFICIAL)
 VALUES ('10000000464', 20);
INSERT INTO ESCREVE (CPF, ID_ARTIFICIAL)
 VALUES ('10000000464', 21);
INSERT INTO ESCREVE (CPF, ID_ARTIFICIAL)
 VALUES ('10000000464', 22);
INSERT INTO ESCREVE (CPF, ID_ARTIFICIAL)
 VALUES ('10000000464', 23);
INSERT INTO ESCREVE (CPF, ID_ARTIFICIAL)
 VALUES ('10000000464', 24);
INSERT INTO ESCREVE (CPF, ID_ARTIFICIAL)
 VALUES ('10000000464', 25);
INSERT INTO ESCREVE (CPF, ID_ARTIFICIAL)
 VALUES ('10000000464', 26);
INSERT INTO ESCREVE (CPF, ID_ARTIFICIAL)
 VALUES ('10000000464', 27);
INSERT INTO ESCREVE (CPF, ID_ARTIFICIAL)
 VALUES ('10000000464', 28);
INSERT INTO ESCREVE (CPF, ID_ARTIFICIAL)
 VALUES ('10000000464', 29);
INSERT INTO ESCREVE (CPF, ID_ARTIFICIAL)
 VALUES ('10000000464', 30);
INSERT INTO ESCREVE (CPF, ID_ARTIFICIAL)
 VALUES ('10000000464', 31);
INSERT INTO ESCREVE (CPF, ID_ARTIFICIAL)
 VALUES ('10000000464', 32);
INSERT INTO ESCREVE (CPF, ID_ARTIFICIAL)
 VALUES ('10000000464', 33);
INSERT INTO ESCREVE (CPF, ID_ARTIFICIAL)
 VALUES ('10000000464', 34);
INSERT INTO ESCREVE (CPF, ID_ARTIFICIAL)
 VALUES ('10000000464', 35);
INSERT INTO ESCREVE (CPF, ID_ARTIFICIAL)
 VALUES ('10000000464', 36);
INSERT INTO ESCREVE (CPF, ID_ARTIFICIAL)
 VALUES ('10000000464', 37);
INSERT INTO ESCREVE (CPF, ID_ARTIFICIAL)
 VALUES ('10000000464', 38);
INSERT INTO ESCREVE (CPF, ID_ARTIFICIAL)
 VALUES ('10000000464', 39);
INSERT INTO ESCREVE (CPF, ID_ARTIFICIAL)
 VALUES ('10000000464', 40);
INSERT INTO ESCREVE (CPF, ID_ARTIFICIAL)
 VALUES ('10000000464', 41);
INSERT INTO ESCREVE (CPF, ID_ARTIFICIAL)
 VALUES ('10000000464', 42);
INSERT INTO ESCREVE (CPF, ID_ARTIFICIAL)
 VALUES ('10000000464', 43);
INSERT INTO ESCREVE (CPF, ID_ARTIFICIAL)
 VALUES ('10000000464', 44);
INSERT INTO ESCREVE (CPF, ID_ARTIFICIAL)
 VALUES ('10000000464', 45);
INSERT INTO ESCREVE (CPF, ID_ARTIFICIAL)
 VALUES ('10000000464', 46);
INSERT INTO ESCREVE (CPF, ID_ARTIFICIAL)
 VALUES ('10000000464', 47);
INSERT INTO ESCREVE (CPF, ID_ARTIFICIAL)
 VALUES ('10000000464', 48);
INSERT INTO ESCREVE (CPF, ID_ARTIFICIAL)
 VALUES ('10000000464', 49);
INSERT INTO ESCREVE (CPF, ID_ARTIFICIAL)
 VALUES ('10000000464', 50);
INSERT INTO ESCREVE (CPF, ID_ARTIFICIAL)
 VALUES ('10000000464', 51);
INSERT INTO ESCREVE (CPF, ID_ARTIFICIAL)
 VALUES ('10000000464', 52);
INSERT INTO ESCREVE (CPF, ID_ARTIFICIAL)
 VALUES ('10000000464', 53);
INSERT INTO ESCREVE (CPF, ID_ARTIFICIAL)
 VALUES ('10000000464', 54);
INSERT INTO ESCREVE (CPF, ID_ARTIFICIAL)
 VALUES ('10000000464', 55);
INSERT INTO ESCREVE (CPF, ID_ARTIFICIAL)
 VALUES ('10000000464', 56);
INSERT INTO ESCREVE (CPF, ID_ARTIFICIAL)
 VALUES ('10000000464', 57);
INSERT INTO ESCREVE (CPF, ID_ARTIFICIAL)
 VALUES ('10000000464', 58);
INSERT INTO ESCREVE (CPF, ID_ARTIFICIAL)
 VALUES ('10000000464', 59);
INSERT INTO ESCREVE (CPF, ID_ARTIFICIAL)
 VALUES ('10000000464', 60);
INSERT INTO ESCREVE (CPF, ID_ARTIFICIAL)
 VALUES ('10000000464', 61);
INSERT INTO ESCREVE (CPF, ID_ARTIFICIAL)
 VALUES ('10000000464', 62);


INSERT INTO INTERPRETA (CPF, RDA) VALUES ('11111111111', 27);
INSERT INTO INTERPRETA (CPF, RDA) VALUES ('12222222221', 28);
INSERT INTO INTERPRETA (CPF, RDA) VALUES ('12222222222', 29);
INSERT INTO INTERPRETA (CPF, RDA) VALUES ('12222222223', 30);
INSERT INTO INTERPRETA (CPF, RDA) VALUES ('12222222224', 31);
INSERT INTO INTERPRETA (CPF, RDA) VALUES ('12222222225', 32);
INSERT INTO INTERPRETA (CPF, RDA) VALUES ('12222222226', 33);
INSERT INTO INTERPRETA (CPF, RDA) VALUES ('12222222227', 34);
INSERT INTO INTERPRETA (CPF, RDA) VALUES ('12222222228', 35);
INSERT INTO INTERPRETA (CPF, RDA) VALUES ('12222222229', 36);
INSERT INTO INTERPRETA (CPF, RDA) VALUES ('12222222210', 37);
INSERT INTO INTERPRETA (CPF, RDA) VALUES ('12222222211', 38);
INSERT INTO INTERPRETA (CPF, RDA) VALUES ('12222222212', 39);
INSERT INTO INTERPRETA (CPF, RDA) VALUES ('12222222292', 40);
INSERT INTO INTERPRETA (CPF, RDA) VALUES ('12222222252', 41);


INSERT INTO PARTICIPA (CODIGO, RDA)
VALUES ('BB01', 27);
INSERT INTO PARTICIPA (CODIGO, RDA)
VALUES ('BB01', 28);
INSERT INTO PARTICIPA (CODIGO, RDA)
VALUES ('BB01', 29);
INSERT INTO PARTICIPA (CODIGO, RDA)
VALUES ('BB01', 30);
INSERT INTO PARTICIPA (CODIGO, RDA)
VALUES ('BB01', 31);
INSERT INTO PARTICIPA (CODIGO, RDA)
VALUES ('BB01', 32);
INSERT INTO PARTICIPA (CODIGO, RDA)
VALUES ('BB01', 33);
INSERT INTO PARTICIPA (CODIGO, RDA)
VALUES ('BB01', 34);
INSERT INTO PARTICIPA (CODIGO, RDA)
VALUES ('BB01', 35);
INSERT INTO PARTICIPA (CODIGO, RDA)
VALUES ('BB01', 36);
INSERT INTO PARTICIPA (CODIGO, RDA)
VALUES ('BB01', 37);
INSERT INTO PARTICIPA (CODIGO, RDA)
VALUES ('BB01', 38);
INSERT INTO PARTICIPA (CODIGO, RDA)
VALUES ('BB01', 39);
INSERT INTO PARTICIPA (CODIGO, RDA)
VALUES ('BB01', 40);
INSERT INTO PARTICIPA (CODIGO, RDA)
VALUES ('BB01', 41);



INSERT INTO TEM (ID_ARTIFICIAL, CODIGO, NUMERO_TEMP, NUMERO_EP) VALUES (8, 'BB01', 1, 1);
INSERT INTO TEM (ID_ARTIFICIAL, CODIGO, NUMERO_TEMP, NUMERO_EP) VALUES (8, 'BB01', 1, 2);
INSERT INTO TEM (ID_ARTIFICIAL, CODIGO, NUMERO_TEMP, NUMERO_EP) VALUES (8, 'BB01', 1, 3);
INSERT INTO TEM (ID_ARTIFICIAL, CODIGO, NUMERO_TEMP, NUMERO_EP) VALUES (8, 'BB01', 1, 4);
INSERT INTO TEM (ID_ARTIFICIAL, CODIGO, NUMERO_TEMP, NUMERO_EP) VALUES (8, 'BB01', 1, 5);
INSERT INTO TEM (ID_ARTIFICIAL, CODIGO, NUMERO_TEMP, NUMERO_EP) VALUES (8, 'BB01', 1, 6);
INSERT INTO TEM (ID_ARTIFICIAL, CODIGO, NUMERO_TEMP, NUMERO_EP) VALUES (8, 'BB01', 1, 7);

INSERT INTO TEM (ID_ARTIFICIAL, CODIGO, NUMERO_TEMP, NUMERO_EP) VALUES (8, 'BB01', 2, 1);
INSERT INTO TEM (ID_ARTIFICIAL, CODIGO, NUMERO_TEMP, NUMERO_EP) VALUES (8, 'BB01', 2, 2);
INSERT INTO TEM (ID_ARTIFICIAL, CODIGO, NUMERO_TEMP, NUMERO_EP) VALUES (8, 'BB01', 2, 3);
INSERT INTO TEM (ID_ARTIFICIAL, CODIGO, NUMERO_TEMP, NUMERO_EP) VALUES (8, 'BB01', 2, 4);
INSERT INTO TEM (ID_ARTIFICIAL, CODIGO, NUMERO_TEMP, NUMERO_EP) VALUES (8, 'BB01', 2, 5);
INSERT INTO TEM (ID_ARTIFICIAL, CODIGO, NUMERO_TEMP, NUMERO_EP) VALUES (8, 'BB01', 2, 6);
INSERT INTO TEM (ID_ARTIFICIAL, CODIGO, NUMERO_TEMP, NUMERO_EP) VALUES (8, 'BB01', 2, 7);
INSERT INTO TEM (ID_ARTIFICIAL, CODIGO, NUMERO_TEMP, NUMERO_EP) VALUES (8, 'BB01', 2, 8);
INSERT INTO TEM (ID_ARTIFICIAL, CODIGO, NUMERO_TEMP, NUMERO_EP) VALUES (8, 'BB01', 2, 9);
INSERT INTO TEM (ID_ARTIFICIAL, CODIGO, NUMERO_TEMP, NUMERO_EP) VALUES (8, 'BB01', 2, 10);
INSERT INTO TEM (ID_ARTIFICIAL, CODIGO, NUMERO_TEMP, NUMERO_EP) VALUES (8, 'BB01', 2, 11);
INSERT INTO TEM (ID_ARTIFICIAL, CODIGO, NUMERO_TEMP, NUMERO_EP) VALUES (8, 'BB01', 2, 12);
INSERT INTO TEM (ID_ARTIFICIAL, CODIGO, NUMERO_TEMP, NUMERO_EP) VALUES (8, 'BB01', 2, 13);

INSERT INTO TEM (ID_ARTIFICIAL, CODIGO, NUMERO_TEMP, NUMERO_EP) VALUES (8, 'BB01', 3, 1);
INSERT INTO TEM (ID_ARTIFICIAL, CODIGO, NUMERO_TEMP, NUMERO_EP) VALUES (8, 'BB01', 3, 2);
INSERT INTO TEM (ID_ARTIFICIAL, CODIGO, NUMERO_TEMP, NUMERO_EP) VALUES (8, 'BB01', 3, 3);
INSERT INTO TEM (ID_ARTIFICIAL, CODIGO, NUMERO_TEMP, NUMERO_EP) VALUES (8, 'BB01', 3, 4);
INSERT INTO TEM (ID_ARTIFICIAL, CODIGO, NUMERO_TEMP, NUMERO_EP) VALUES (8, 'BB01', 3, 5);
INSERT INTO TEM (ID_ARTIFICIAL, CODIGO, NUMERO_TEMP, NUMERO_EP) VALUES (8, 'BB01', 3, 6);
INSERT INTO TEM (ID_ARTIFICIAL, CODIGO, NUMERO_TEMP, NUMERO_EP) VALUES (8, 'BB01', 3, 7);
INSERT INTO TEM (ID_ARTIFICIAL, CODIGO, NUMERO_TEMP, NUMERO_EP) VALUES (8, 'BB01', 3, 8);
INSERT INTO TEM (ID_ARTIFICIAL, CODIGO, NUMERO_TEMP, NUMERO_EP) VALUES (8, 'BB01', 3, 9);
INSERT INTO TEM (ID_ARTIFICIAL, CODIGO, NUMERO_TEMP, NUMERO_EP) VALUES (8, 'BB01', 3, 10);
INSERT INTO TEM (ID_ARTIFICIAL, CODIGO, NUMERO_TEMP, NUMERO_EP) VALUES (8, 'BB01', 3, 11);
INSERT INTO TEM (ID_ARTIFICIAL, CODIGO, NUMERO_TEMP, NUMERO_EP) VALUES (8, 'BB01', 3, 12);
INSERT INTO TEM (ID_ARTIFICIAL, CODIGO, NUMERO_TEMP, NUMERO_EP) VALUES (8, 'BB01', 3, 13);


INSERT INTO TEM (ID_ARTIFICIAL, CODIGO, NUMERO_TEMP, NUMERO_EP) VALUES (8, 'BB01', 4, 1);
INSERT INTO TEM (ID_ARTIFICIAL, CODIGO, NUMERO_TEMP, NUMERO_EP) VALUES (8, 'BB01', 4, 2);
INSERT INTO TEM (ID_ARTIFICIAL, CODIGO, NUMERO_TEMP, NUMERO_EP) VALUES (8, 'BB01', 4, 3);
INSERT INTO TEM (ID_ARTIFICIAL, CODIGO, NUMERO_TEMP, NUMERO_EP) VALUES (8, 'BB01', 4, 4);
INSERT INTO TEM (ID_ARTIFICIAL, CODIGO, NUMERO_TEMP, NUMERO_EP) VALUES (8, 'BB01', 4, 5);
INSERT INTO TEM (ID_ARTIFICIAL, CODIGO, NUMERO_TEMP, NUMERO_EP) VALUES (8, 'BB01', 4, 6);
INSERT INTO TEM (ID_ARTIFICIAL, CODIGO, NUMERO_TEMP, NUMERO_EP) VALUES (8, 'BB01', 4, 7);
INSERT INTO TEM (ID_ARTIFICIAL, CODIGO, NUMERO_TEMP, NUMERO_EP) VALUES (8, 'BB01', 4, 8);
INSERT INTO TEM (ID_ARTIFICIAL, CODIGO, NUMERO_TEMP, NUMERO_EP) VALUES (8, 'BB01', 4, 9);
INSERT INTO TEM (ID_ARTIFICIAL, CODIGO, NUMERO_TEMP, NUMERO_EP) VALUES (8, 'BB01', 4, 10);
INSERT INTO TEM (ID_ARTIFICIAL, CODIGO, NUMERO_TEMP, NUMERO_EP) VALUES (8, 'BB01', 4, 11);
INSERT INTO TEM (ID_ARTIFICIAL, CODIGO, NUMERO_TEMP, NUMERO_EP) VALUES (8, 'BB01', 4, 12);
INSERT INTO TEM (ID_ARTIFICIAL, CODIGO, NUMERO_TEMP, NUMERO_EP) VALUES (8, 'BB01', 4, 13);


INSERT INTO TEM (ID_ARTIFICIAL, CODIGO, NUMERO_TEMP, NUMERO_EP) VALUES (8, 'BB01', 5, 1);
INSERT INTO TEM (ID_ARTIFICIAL, CODIGO, NUMERO_TEMP, NUMERO_EP) VALUES (8, 'BB01', 5, 2);
INSERT INTO TEM (ID_ARTIFICIAL, CODIGO, NUMERO_TEMP, NUMERO_EP) VALUES (8, 'BB01', 5, 3);
INSERT INTO TEM (ID_ARTIFICIAL, CODIGO, NUMERO_TEMP, NUMERO_EP) VALUES (8, 'BB01', 5, 4);
INSERT INTO TEM (ID_ARTIFICIAL, CODIGO, NUMERO_TEMP, NUMERO_EP) VALUES (8, 'BB01', 5, 5);
INSERT INTO TEM (ID_ARTIFICIAL, CODIGO, NUMERO_TEMP, NUMERO_EP) VALUES (8, 'BB01', 5, 6);
INSERT INTO TEM (ID_ARTIFICIAL, CODIGO, NUMERO_TEMP, NUMERO_EP) VALUES (8, 'BB01', 5, 7);
INSERT INTO TEM (ID_ARTIFICIAL, CODIGO, NUMERO_TEMP, NUMERO_EP) VALUES (8, 'BB01', 5, 8);
INSERT INTO TEM (ID_ARTIFICIAL, CODIGO, NUMERO_TEMP, NUMERO_EP) VALUES (8, 'BB01', 5, 9);
INSERT INTO TEM (ID_ARTIFICIAL, CODIGO, NUMERO_TEMP, NUMERO_EP) VALUES (8, 'BB01', 5, 10);
INSERT INTO TEM (ID_ARTIFICIAL, CODIGO, NUMERO_TEMP, NUMERO_EP) VALUES (8, 'BB01', 5, 11);
INSERT INTO TEM (ID_ARTIFICIAL, CODIGO, NUMERO_TEMP, NUMERO_EP) VALUES (8, 'BB01', 5, 12);
INSERT INTO TEM (ID_ARTIFICIAL, CODIGO, NUMERO_TEMP, NUMERO_EP) VALUES (8, 'BB01', 5, 13);
INSERT INTO TEM (ID_ARTIFICIAL, CODIGO, NUMERO_TEMP, NUMERO_EP) VALUES (8, 'BB01', 5, 14);
INSERT INTO TEM (ID_ARTIFICIAL, CODIGO, NUMERO_TEMP, NUMERO_EP) VALUES (8, 'BB01', 5, 15);
INSERT INTO TEM (ID_ARTIFICIAL, CODIGO, NUMERO_TEMP, NUMERO_EP) VALUES (8, 'BB01', 5, 16);



INSERT INTO TRABALHA (CPF_ROTEIRISTA, CPF_DIRETOR, CODIGO) VALUES ('10000000191', '10000000191', 'BB01');
INSERT INTO TRABALHA (CPF_ROTEIRISTA, CPF_DIRETOR, CODIGO) VALUES ('10000000464', '10000000282', 'BB01');


INSERT INTO EFEITOS_ESPECIAIS (ID_ARTIFICIAL, TIPO, CUSTO, ID_EDITORES, CODIGO_SERIE, NUMERO_TEMP, NUMERO_EP)
VALUES (10, 'Explosão de carro', 10000, 8, 'BB01', 3, 5);
INSERT INTO EFEITOS_ESPECIAIS (ID_ARTIFICIAL, TIPO, CUSTO, ID_EDITORES, CODIGO_SERIE, NUMERO_TEMP, NUMERO_EP) VALUES (11, 'Maquiagem para ferimentos', 5000,8, 'BB01',1, 5);
INSERT INTO EFEITOS_ESPECIAIS (ID_ARTIFICIAL, TIPO, CUSTO, ID_EDITORES, CODIGO_SERIE, NUMERO_TEMP, NUMERO_EP) VALUES (12, 'Cenas de ação', 5000, 8, 'BB01', 2, 6);



--- BETTER CALL SAUL


INSERT INTO SERIE (CODIGO, NOME, SHOW_ORIGINAL) VALUES ('BCS01', 'Better Call Saul', 'Breaking Bad');

INSERT INTO GENERO (CODIGO, GENERO) VALUES ('BCS01', 'Drama');

INSERT INTO PREMIACOES (CODIGO, PREM_COLETIVA, PREM_INDIVIDUAL)
VALUES ('BCS01', 'Emmy Awards Outstanding Supporting Actor in a Drama Series', 'Outstanding Single-Camera Picture Editing');

INSERT INTO TEMPORADA (CODIGO, NUMERO) VALUES ('BCS01', 1);
INSERT INTO TEMPORADA (CODIGO, NUMERO) VALUES ('BCS01', 2);
INSERT INTO TEMPORADA (CODIGO, NUMERO) VALUES ('BCS01', 3);
INSERT INTO TEMPORADA (CODIGO, NUMERO) VALUES ('BCS01', 4);
INSERT INTO TEMPORADA (CODIGO, NUMERO) VALUES ('BCS01', 5);



INSERT INTO ROTEIRO (ID_ARTIFICIAL, ARQUIVO)
VALUES (63, 'better_call_saul_s01e01.txt');
INSERT INTO ROTEIRO (ID_ARTIFICIAL, ARQUIVO)
VALUES (64, 'better_call_saul_s01e02.txt');
INSERT INTO ROTEIRO (ID_ARTIFICIAL, ARQUIVO)
VALUES (65, 'better_call_saul_s01e03.txt');
INSERT INTO ROTEIRO (ID_ARTIFICIAL, ARQUIVO)
VALUES (66, 'better_call_saul_s01e04.txt');
INSERT INTO ROTEIRO (ID_ARTIFICIAL, ARQUIVO)
VALUES (67, 'better_call_saul_s01e05.txt');
INSERT INTO ROTEIRO (ID_ARTIFICIAL, ARQUIVO)
VALUES (68, 'better_call_saul_s01e06.txt');
INSERT INTO ROTEIRO (ID_ARTIFICIAL, ARQUIVO)
VALUES (69, 'better_call_saul_s01e07.txt');
INSERT INTO ROTEIRO (ID_ARTIFICIAL, ARQUIVO)
VALUES (70, 'better_call_saul_s01e08.txt');
INSERT INTO ROTEIRO (ID_ARTIFICIAL, ARQUIVO)
VALUES (71, 'better_call_saul_s01e09.txt');
INSERT INTO ROTEIRO (ID_ARTIFICIAL, ARQUIVO)
VALUES (72, 'better_call_saul_s01e10.txt');
INSERT INTO ROTEIRO (ID_ARTIFICIAL, ARQUIVO)
VALUES (73, 'better_call_saul_s02e01.txt');
INSERT INTO ROTEIRO (ID_ARTIFICIAL, ARQUIVO)
VALUES (74, 'better_call_saul_s02e02.txt');
INSERT INTO ROTEIRO (ID_ARTIFICIAL, ARQUIVO)
VALUES (75, 'better_call_saul_s02e03.txt');
INSERT INTO ROTEIRO (ID_ARTIFICIAL, ARQUIVO)
VALUES (76, 'better_call_saul_s02e04.txt');
INSERT INTO ROTEIRO (ID_ARTIFICIAL, ARQUIVO)
VALUES (77, 'better_call_saul_s02e05.txt');
INSERT INTO ROTEIRO (ID_ARTIFICIAL, ARQUIVO)
VALUES (78, 'better_call_saul_s02e06.txt');
INSERT INTO ROTEIRO (ID_ARTIFICIAL, ARQUIVO)
VALUES (79, 'better_call_saul_s02e07.txt');
INSERT INTO ROTEIRO (ID_ARTIFICIAL, ARQUIVO)
VALUES (80, 'better_call_saul_s02e08.txt');
INSERT INTO ROTEIRO (ID_ARTIFICIAL, ARQUIVO)
VALUES (81, 'better_call_saul_s02e09.txt');
INSERT INTO ROTEIRO (ID_ARTIFICIAL, ARQUIVO)
VALUES (82, 'better_call_saul_s02e10.txt');
INSERT INTO ROTEIRO (ID_ARTIFICIAL, ARQUIVO)
VALUES (83, 'better_call_saul_s03e01.txt');
INSERT INTO ROTEIRO (ID_ARTIFICIAL, ARQUIVO)
VALUES (84, 'better_call_saul_s03e02.txt');
INSERT INTO ROTEIRO (ID_ARTIFICIAL, ARQUIVO)
VALUES (85, 'better_call_saul_s03e03.txt');
INSERT INTO ROTEIRO (ID_ARTIFICIAL, ARQUIVO)
VALUES (86, 'better_call_saul_s03e04.txt');
INSERT INTO ROTEIRO (ID_ARTIFICIAL, ARQUIVO)
VALUES (87, 'better_call_saul_s03e05.txt');
INSERT INTO ROTEIRO (ID_ARTIFICIAL, ARQUIVO)
VALUES (88, 'better_call_saul_s03e06.txt');
INSERT INTO ROTEIRO (ID_ARTIFICIAL, ARQUIVO)
VALUES (89, 'better_call_saul_s03e07.txt');
INSERT INTO ROTEIRO (ID_ARTIFICIAL, ARQUIVO)
VALUES (90, 'better_call_saul_s03e08.txt');
INSERT INTO ROTEIRO (ID_ARTIFICIAL, ARQUIVO)
VALUES (91, 'better_call_saul_s03e09.txt');
INSERT INTO ROTEIRO (ID_ARTIFICIAL, ARQUIVO)
VALUES (92, 'better_call_saul_s03e10.txt');
INSERT INTO ROTEIRO (ID_ARTIFICIAL, ARQUIVO)
VALUES (93, 'better_call_saul_s04e01.txt');
INSERT INTO ROTEIRO (ID_ARTIFICIAL, ARQUIVO)
VALUES (94, 'better_call_saul_s04e02.txt');
INSERT INTO ROTEIRO (ID_ARTIFICIAL, ARQUIVO)
VALUES (95, 'better_call_saul_s04e03.txt');
INSERT INTO ROTEIRO (ID_ARTIFICIAL, ARQUIVO)
VALUES (96, 'better_call_saul_s04e04.txt');
INSERT INTO ROTEIRO (ID_ARTIFICIAL, ARQUIVO)
VALUES (97, 'better_call_saul_s04e05.txt');
INSERT INTO ROTEIRO (ID_ARTIFICIAL, ARQUIVO)
VALUES (98, 'better_call_saul_s04e06.txt');
INSERT INTO ROTEIRO (ID_ARTIFICIAL, ARQUIVO)
VALUES (99, 'better_call_saul_s04e07.txt');
INSERT INTO ROTEIRO (ID_ARTIFICIAL, ARQUIVO)
VALUES (100, 'better_call_saul_s04e08.txt');
INSERT INTO ROTEIRO (ID_ARTIFICIAL, ARQUIVO)
VALUES (101, 'better_call_saul_s04e09.txt');
INSERT INTO ROTEIRO (ID_ARTIFICIAL, ARQUIVO)
VALUES (102, 'better_call_saul_s04e10.txt');
INSERT INTO ROTEIRO (ID_ARTIFICIAL, ARQUIVO)
VALUES (103, 'better_call_saul_s05e01.txt');
INSERT INTO ROTEIRO (ID_ARTIFICIAL, ARQUIVO)
VALUES (104, 'better_call_saul_s05e02.txt');
INSERT INTO ROTEIRO (ID_ARTIFICIAL, ARQUIVO)
VALUES (105, 'better_call_saul_s05e03.txt');
INSERT INTO ROTEIRO (ID_ARTIFICIAL, ARQUIVO)
VALUES (106, 'better_call_saul_s05e04.txt');
INSERT INTO ROTEIRO (ID_ARTIFICIAL, ARQUIVO)
VALUES (107, 'better_call_saul_s05e05.txt');
INSERT INTO ROTEIRO (ID_ARTIFICIAL, ARQUIVO)
VALUES (108, 'better_call_saul_s05e06.txt');
INSERT INTO ROTEIRO (ID_ARTIFICIAL, ARQUIVO)
VALUES (109, 'better_call_saul_s05e07.txt');
INSERT INTO ROTEIRO (ID_ARTIFICIAL, ARQUIVO)
VALUES (110, 'better_call_saul_s05e08.txt');
INSERT INTO ROTEIRO (ID_ARTIFICIAL, ARQUIVO)
VALUES (111, 'better_call_saul_s05e09.txt');
INSERT INTO ROTEIRO (ID_ARTIFICIAL, ARQUIVO)
VALUES (112, 'better_call_saul_s05e10.txt');


INSERT INTO EPISODIO (CODIGO, NUMERO_TEMP, NUMERO_EP, TITULO, TEMPO_DE_DURACAO, ROTEIRO_ID) 
VALUES ('BCS01', 1, 1, 'Uno', '00:53:00', 63);
INSERT INTO EPISODIO (CODIGO, NUMERO_TEMP, NUMERO_EP, TITULO, TEMPO_DE_DURACAO, ROTEIRO_ID) 
VALUES ('BCS01', 1, 2, 'Mijo', '00:47:00', 64);
INSERT INTO EPISODIO (CODIGO, NUMERO_TEMP, NUMERO_EP, TITULO, TEMPO_DE_DURACAO, ROTEIRO_ID) 
VALUES ('BCS01', 1, 3, 'Nacho', '00:47:00', 65);
INSERT INTO EPISODIO (CODIGO, NUMERO_TEMP, NUMERO_EP, TITULO, TEMPO_DE_DURACAO, ROTEIRO_ID) 
VALUES ('BCS01', 1, 4, 'Hero', '00:46:00', 66);
INSERT INTO EPISODIO (CODIGO, NUMERO_TEMP, NUMERO_EP, TITULO, TEMPO_DE_DURACAO, ROTEIRO_ID) 
VALUES ('BCS01', 1, 5, 'Alpine Shepherd Boy', '00:47:00', 67);
INSERT INTO EPISODIO (CODIGO, NUMERO_TEMP, NUMERO_EP, TITULO, TEMPO_DE_DURACAO, ROTEIRO_ID) 
VALUES ('BCS01', 1, 6, 'Five-O', '00:46:00', 68);
INSERT INTO EPISODIO (CODIGO, NUMERO_TEMP, NUMERO_EP, TITULO, TEMPO_DE_DURACAO, ROTEIRO_ID) 
VALUES ('BCS01', 1, 7, 'Bingo', '00:47:00', 69);
INSERT INTO EPISODIO (CODIGO, NUMERO_TEMP, NUMERO_EP, TITULO, TEMPO_DE_DURACAO, ROTEIRO_ID) 
VALUES ('BCS01', 1, 8, 'RICO', '00:46:00', 70);
INSERT INTO EPISODIO (CODIGO, NUMERO_TEMP, NUMERO_EP, TITULO, TEMPO_DE_DURACAO, ROTEIRO_ID) 
VALUES ('BCS01', 1, 9, 'Pimento', '00:47:00', 71);
INSERT INTO EPISODIO (CODIGO, NUMERO_TEMP, NUMERO_EP, TITULO, TEMPO_DE_DURACAO, ROTEIRO_ID) 
VALUES ('BCS01', 1, 10, 'Marco', '00:50:00', 72);
INSERT INTO EPISODIO (CODIGO, NUMERO_TEMP, NUMERO_EP, TITULO, TEMPO_DE_DURACAO, ROTEIRO_ID) 
VALUES ('BCS01', 2, 1, 'Switch', '00:47:00', 73);
INSERT INTO EPISODIO (CODIGO, NUMERO_TEMP, NUMERO_EP, TITULO, TEMPO_DE_DURACAO, ROTEIRO_ID) 
VALUES ('BCS01', 2, 2, 'Cobbler', '00:46:00', 74);
INSERT INTO EPISODIO (CODIGO, NUMERO_TEMP, NUMERO_EP, TITULO, TEMPO_DE_DURACAO, ROTEIRO_ID) 
VALUES ('BCS01', 2, 3, 'Amarillo', '00:46:00', 75);
INSERT INTO EPISODIO (CODIGO, NUMERO_TEMP, NUMERO_EP, TITULO, TEMPO_DE_DURACAO, ROTEIRO_ID) 
VALUES ('BCS01', 2, 4, 'Gloves Off', '00:46:00', 76);
INSERT INTO EPISODIO (CODIGO, NUMERO_TEMP, NUMERO_EP, TITULO, TEMPO_DE_DURACAO, ROTEIRO_ID) 
VALUES ('BCS01', 2, 5, 'Rebecca', '00:46:00', 77);
INSERT INTO EPISODIO (CODIGO, NUMERO_TEMP, NUMERO_EP, TITULO, TEMPO_DE_DURACAO, ROTEIRO_ID) 
VALUES ('BCS01', 2, 6, 'Bali Ha''i', '00:47:00', 78);
INSERT INTO EPISODIO (CODIGO, NUMERO_TEMP, NUMERO_EP, TITULO, TEMPO_DE_DURACAO, ROTEIRO_ID) 
VALUES ('BCS01', 2, 7, 'Inflatable', '00:46:00', 79);
INSERT INTO EPISODIO (CODIGO, NUMERO_TEMP, NUMERO_EP, TITULO, TEMPO_DE_DURACAO, ROTEIRO_ID) 
VALUES ('BCS01', 2, 8, 'Fifi', '00:47:00', 80);
INSERT INTO EPISODIO (CODIGO, NUMERO_TEMP, NUMERO_EP, TITULO, TEMPO_DE_DURACAO, ROTEIRO_ID) 
VALUES ('BCS01', 2, 9, 'Nailed', '00:53:00', 81);
INSERT INTO EPISODIO (CODIGO, NUMERO_TEMP, NUMERO_EP, TITULO, TEMPO_DE_DURACAO, ROTEIRO_ID) 
VALUES ('BCS01', 2, 10, 'Klick', '00:55:00', 82);
INSERT INTO EPISODIO (CODIGO, NUMERO_TEMP, NUMERO_EP, TITULO, TEMPO_DE_DURACAO, ROTEIRO_ID) 
VALUES ('BCS01', 3, 1, 'Mabel', '00:53:00', 83);
INSERT INTO EPISODIO (CODIGO, NUMERO_TEMP, NUMERO_EP, TITULO, TEMPO_DE_DURACAO, ROTEIRO_ID) 
VALUES ('BCS01', 3, 2, 'Witness', '00:46:00', 84);
INSERT INTO EPISODIO (CODIGO, NUMERO_TEMP, NUMERO_EP, TITULO, TEMPO_DE_DURACAO, ROTEIRO_ID) 
VALUES ('BCS01', 3, 3, 'Sunk Costs', '00:53:00', 85);
INSERT INTO EPISODIO (CODIGO, NUMERO_TEMP, NUMERO_EP, TITULO, TEMPO_DE_DURACAO, ROTEIRO_ID)
 VALUES ('BCS01', 3, 4, 'Sabrosito', '00:54:00', 86);
INSERT INTO EPISODIO (CODIGO, NUMERO_TEMP, NUMERO_EP, TITULO, TEMPO_DE_DURACAO, ROTEIRO_ID) 
VALUES ('BCS01', 3, 5, 'Chicanery', '00:53:00', 87);
INSERT INTO EPISODIO (CODIGO, NUMERO_TEMP, NUMERO_EP, TITULO, TEMPO_DE_DURACAO, ROTEIRO_ID) 
VALUES ('BCS01', 3, 6, 'Off Brand', '00:47:00', 88);
INSERT INTO EPISODIO (CODIGO, NUMERO_TEMP, NUMERO_EP, TITULO, TEMPO_DE_DURACAO, ROTEIRO_ID)
 VALUES ('BCS01', 3, 7, 'Expenses', '00:52:00', 89);
INSERT INTO EPISODIO (CODIGO, NUMERO_TEMP, NUMERO_EP, TITULO, TEMPO_DE_DURACAO, ROTEIRO_ID) 
VALUES ('BCS01', 3, 8, 'Slip', '00:47:00', 90);
INSERT INTO EPISODIO (CODIGO, NUMERO_TEMP, NUMERO_EP, TITULO, TEMPO_DE_DURACAO, ROTEIRO_ID)
 VALUES ('BCS01', 3, 9, 'Fall', '00:53:00', 91);
INSERT INTO EPISODIO (CODIGO, NUMERO_TEMP, NUMERO_EP, TITULO, TEMPO_DE_DURACAO, ROTEIRO_ID) 
VALUES ('BCS01', 3, 10, 'Lantern', '00:59:00', 92);
INSERT INTO EPISODIO (CODIGO, NUMERO_TEMP, NUMERO_EP, TITULO, TEMPO_DE_DURACAO, ROTEIRO_ID) 
VALUES ('BCS01', 4, 1, 'Smoke', '00:53:00', 93);
INSERT INTO EPISODIO (CODIGO, NUMERO_TEMP, NUMERO_EP, TITULO, TEMPO_DE_DURACAO, ROTEIRO_ID) 
VALUES ('BCS01', 4, 2, 'Breathe', '00:53:00', 94);
INSERT INTO EPISODIO (CODIGO, NUMERO_TEMP, NUMERO_EP, TITULO, TEMPO_DE_DURACAO, ROTEIRO_ID) 
VALUES ('BCS01', 4, 3, 'Something Beautiful', '00:54:00', 95);
INSERT INTO EPISODIO (CODIGO, NUMERO_TEMP, NUMERO_EP, TITULO, TEMPO_DE_DURACAO, ROTEIRO_ID) 
VALUES ('BCS01', 4, 4, 'Talk', '00:53:00', 96);
INSERT INTO EPISODIO (CODIGO, NUMERO_TEMP, NUMERO_EP, TITULO, TEMPO_DE_DURACAO, ROTEIRO_ID) 
VALUES ('BCS01', 4, 5, 'Quite a Ride', '00:55:00', 97);
INSERT INTO EPISODIO (CODIGO, NUMERO_TEMP, NUMERO_EP, TITULO, TEMPO_DE_DURACAO, ROTEIRO_ID) 
VALUES ('BCS01', 4, 6, 'Piñata', '00:53:00', 98);
INSERT INTO EPISODIO (CODIGO, NUMERO_TEMP, NUMERO_EP, TITULO, TEMPO_DE_DURACAO, ROTEIRO_ID) 
VALUES ('BCS01', 4, 7, 'Something Stupid', '00:53:00', 99);
INSERT INTO EPISODIO (CODIGO, NUMERO_TEMP, NUMERO_EP, TITULO, TEMPO_DE_DURACAO, ROTEIRO_ID) 
VALUES ('BCS01', 4, 8, 'Coushatta', '00:50:00', 100);
INSERT INTO EPISODIO (CODIGO, NUMERO_TEMP, NUMERO_EP, TITULO, TEMPO_DE_DURACAO, ROTEIRO_ID) 
VALUES ('BCS01', 4, 9, 'Wiedersehen', '00:53:00', 101);
INSERT INTO EPISODIO (CODIGO, NUMERO_TEMP, NUMERO_EP, TITULO, TEMPO_DE_DURACAO, ROTEIRO_ID) 
VALUES ('BCS01', 4, 10, 'Winner', '01:05:00', 102);
INSERT INTO EPISODIO (CODIGO, NUMERO_TEMP, NUMERO_EP, TITULO, TEMPO_DE_DURACAO, ROTEIRO_ID)
VALUES ('BCS01', 5, 1, 'Magic Man', '01:00:00', 103);
INSERT INTO EPISODIO (CODIGO, NUMERO_TEMP, NUMERO_EP, TITULO, TEMPO_DE_DURACAO, ROTEIRO_ID)
VALUES ('BCS01', 5, 2, '50% Off', '00:55:00', 104);
INSERT INTO EPISODIO (CODIGO, NUMERO_TEMP, NUMERO_EP, TITULO, TEMPO_DE_DURACAO, ROTEIRO_ID)
VALUES ('BCS01', 5, 3, 'The Guy For This', '00:54:00', 105);
INSERT INTO EPISODIO (CODIGO, NUMERO_TEMP, NUMERO_EP, TITULO, TEMPO_DE_DURACAO, ROTEIRO_ID)
VALUES ('BCS01', 5, 4, 'Namaste', '00:54:00', 106);
INSERT INTO EPISODIO (CODIGO, NUMERO_TEMP, NUMERO_EP, TITULO, TEMPO_DE_DURACAO, ROTEIRO_ID)
VALUES ('BCS01', 5, 5, 'Dedicado a Max', '00:55:00', 107);
INSERT INTO EPISODIO (CODIGO, NUMERO_TEMP, NUMERO_EP, TITULO, TEMPO_DE_DURACAO, ROTEIRO_ID)
VALUES ('BCS01', 5, 6, 'Wexler v. Goodman', '00:55:00', 108);
INSERT INTO EPISODIO (CODIGO, NUMERO_TEMP, NUMERO_EP, TITULO, TEMPO_DE_DURACAO, ROTEIRO_ID)
VALUES ('BCS01', 5, 7, 'JMM', '01:00:00', 109);
INSERT INTO EPISODIO (CODIGO, NUMERO_TEMP, NUMERO_EP, TITULO, TEMPO_DE_DURACAO, ROTEIRO_ID)
VALUES ('BCS01', 5, 8, 'Bagman', '00:56:00', 110);
INSERT INTO EPISODIO (CODIGO, NUMERO_TEMP, NUMERO_EP, TITULO, TEMPO_DE_DURACAO, ROTEIRO_ID)
VALUES ('BCS01', 5, 9, 'Bad Choice Road', '00:56:00', 111);
INSERT INTO EPISODIO (CODIGO, NUMERO_TEMP, NUMERO_EP, TITULO, TEMPO_DE_DURACAO, ROTEIRO_ID)
VALUES ('BCS01', 5, 10, 'Something Unforgivable', '01:00:00', 112);

INSERT INTO EQUIPE_DE_EDITORES (ID_ARTIFICIAL, TIPO)
VALUES (9, 'Skip Film');

INSERT INTO TEM (ID_ARTIFICIAL, CODIGO, NUMERO_TEMP, NUMERO_EP)
 VALUES (9,'BCS01', 1, 1);
INSERT INTO TEM (ID_ARTIFICIAL, CODIGO, NUMERO_TEMP, NUMERO_EP)
 VALUES (9,'BCS01', 1, 2);
INSERT INTO TEM (ID_ARTIFICIAL, CODIGO, NUMERO_TEMP, NUMERO_EP)
 VALUES (9,'BCS01', 1, 3);
INSERT INTO TEM (ID_ARTIFICIAL, CODIGO, NUMERO_TEMP, NUMERO_EP)
 VALUES (9,'BCS01', 1, 4);
INSERT INTO TEM (ID_ARTIFICIAL, CODIGO, NUMERO_TEMP, NUMERO_EP)
 VALUES (9,'BCS01', 1, 5);
INSERT INTO TEM (ID_ARTIFICIAL, CODIGO, NUMERO_TEMP, NUMERO_EP)
 VALUES (9,'BCS01', 1, 6);
INSERT INTO TEM (ID_ARTIFICIAL, CODIGO, NUMERO_TEMP, NUMERO_EP)
 VALUES (9,'BCS01', 1, 7);
INSERT INTO TEM (ID_ARTIFICIAL, CODIGO, NUMERO_TEMP, NUMERO_EP)
 VALUES (9,'BCS01', 1, 8);
INSERT INTO TEM (ID_ARTIFICIAL, CODIGO, NUMERO_TEMP, NUMERO_EP)
 VALUES (9,'BCS01', 1, 9);
INSERT INTO TEM (ID_ARTIFICIAL, CODIGO, NUMERO_TEMP, NUMERO_EP)
 VALUES (9,'BCS01', 1, 10);
INSERT INTO TEM (ID_ARTIFICIAL, CODIGO, NUMERO_TEMP, NUMERO_EP)
 VALUES (9,'BCS01', 2, 1);
INSERT INTO TEM (ID_ARTIFICIAL, CODIGO, NUMERO_TEMP, NUMERO_EP)
 VALUES (9,'BCS01', 2, 2);
INSERT INTO TEM (ID_ARTIFICIAL, CODIGO, NUMERO_TEMP, NUMERO_EP)
 VALUES (9,'BCS01', 2, 3);
INSERT INTO TEM (ID_ARTIFICIAL, CODIGO, NUMERO_TEMP, NUMERO_EP)
 VALUES (9,'BCS01', 2, 4);
INSERT INTO TEM (ID_ARTIFICIAL, CODIGO, NUMERO_TEMP, NUMERO_EP)
 VALUES (9,'BCS01', 2, 5);
INSERT INTO TEM (ID_ARTIFICIAL, CODIGO, NUMERO_TEMP, NUMERO_EP)
 VALUES (9,'BCS01', 2, 6);
INSERT INTO TEM (ID_ARTIFICIAL, CODIGO, NUMERO_TEMP, NUMERO_EP)
 VALUES (9,'BCS01', 2, 7);
INSERT INTO TEM (ID_ARTIFICIAL, CODIGO, NUMERO_TEMP, NUMERO_EP)
 VALUES (9,'BCS01', 2, 8);
INSERT INTO TEM (ID_ARTIFICIAL, CODIGO, NUMERO_TEMP, NUMERO_EP)
 VALUES (9,'BCS01', 2, 9);
INSERT INTO TEM (ID_ARTIFICIAL, CODIGO, NUMERO_TEMP, NUMERO_EP)
 VALUES (9,'BCS01', 2, 10);
INSERT INTO TEM (ID_ARTIFICIAL, CODIGO, NUMERO_TEMP, NUMERO_EP)
 VALUES (9,'BCS01', 3, 1);
INSERT INTO TEM (ID_ARTIFICIAL, CODIGO, NUMERO_TEMP, NUMERO_EP)
 VALUES (9,'BCS01', 3, 2);
INSERT INTO TEM (ID_ARTIFICIAL, CODIGO, NUMERO_TEMP, NUMERO_EP)
 VALUES (9,'BCS01', 3, 3);
INSERT INTO TEM (ID_ARTIFICIAL, CODIGO, NUMERO_TEMP, NUMERO_EP)
 VALUES (9,'BCS01', 3, 4);
INSERT INTO TEM (ID_ARTIFICIAL, CODIGO, NUMERO_TEMP, NUMERO_EP)
 VALUES (9,'BCS01', 3, 5);
INSERT INTO TEM (ID_ARTIFICIAL, CODIGO, NUMERO_TEMP, NUMERO_EP)
 VALUES (9,'BCS01', 3, 6);
INSERT INTO TEM (ID_ARTIFICIAL, CODIGO, NUMERO_TEMP, NUMERO_EP)
 VALUES (9,'BCS01', 3, 7);
INSERT INTO TEM (ID_ARTIFICIAL, CODIGO, NUMERO_TEMP, NUMERO_EP)
 VALUES (9,'BCS01', 3, 8);
INSERT INTO TEM (ID_ARTIFICIAL, CODIGO, NUMERO_TEMP, NUMERO_EP)
 VALUES (9,'BCS01', 3, 9);
INSERT INTO TEM (ID_ARTIFICIAL, CODIGO, NUMERO_TEMP, NUMERO_EP)
 VALUES (9,'BCS01', 3, 10);
INSERT INTO TEM (ID_ARTIFICIAL, CODIGO, NUMERO_TEMP, NUMERO_EP)
 VALUES (9,'BCS01', 4, 1);
INSERT INTO TEM (ID_ARTIFICIAL, CODIGO, NUMERO_TEMP, NUMERO_EP)
 VALUES (9,'BCS01', 4, 2);
INSERT INTO TEM (ID_ARTIFICIAL, CODIGO, NUMERO_TEMP, NUMERO_EP)
 VALUES (9,'BCS01', 4, 3);
INSERT INTO TEM (ID_ARTIFICIAL, CODIGO, NUMERO_TEMP, NUMERO_EP)
 VALUES (9,'BCS01', 4, 4);
INSERT INTO TEM (ID_ARTIFICIAL, CODIGO, NUMERO_TEMP, NUMERO_EP)
 VALUES (9,'BCS01', 4, 5);
INSERT INTO TEM (ID_ARTIFICIAL, CODIGO, NUMERO_TEMP, NUMERO_EP)
 VALUES (9,'BCS01', 4, 6);
INSERT INTO TEM (ID_ARTIFICIAL, CODIGO, NUMERO_TEMP, NUMERO_EP)
 VALUES (9,'BCS01', 4, 7);
INSERT INTO TEM (ID_ARTIFICIAL, CODIGO, NUMERO_TEMP, NUMERO_EP)
 VALUES (9,'BCS01', 4, 8);
INSERT INTO TEM (ID_ARTIFICIAL, CODIGO, NUMERO_TEMP, NUMERO_EP)
 VALUES (9,'BCS01', 4, 9);
INSERT INTO TEM (ID_ARTIFICIAL, CODIGO, NUMERO_TEMP, NUMERO_EP)
 VALUES (9,'BCS01', 4, 10);
INSERT INTO TEM (ID_ARTIFICIAL, CODIGO, NUMERO_TEMP, NUMERO_EP)
 VALUES (9,'BCS01', 5, 1);
INSERT INTO TEM (ID_ARTIFICIAL, CODIGO, NUMERO_TEMP, NUMERO_EP)
 VALUES (9,'BCS01', 5, 2);
INSERT INTO TEM (ID_ARTIFICIAL, CODIGO, NUMERO_TEMP, NUMERO_EP)
 VALUES (9,'BCS01', 5, 3);
INSERT INTO TEM (ID_ARTIFICIAL, CODIGO, NUMERO_TEMP, NUMERO_EP)
 VALUES (9,'BCS01', 5, 4);
INSERT INTO TEM (ID_ARTIFICIAL, CODIGO, NUMERO_TEMP, NUMERO_EP)
 VALUES (9,'BCS01', 5, 5);
INSERT INTO TEM (ID_ARTIFICIAL, CODIGO, NUMERO_TEMP, NUMERO_EP)
 VALUES (9,'BCS01', 5, 6);
INSERT INTO TEM (ID_ARTIFICIAL, CODIGO, NUMERO_TEMP, NUMERO_EP)
 VALUES (9,'BCS01', 5, 7);
INSERT INTO TEM (ID_ARTIFICIAL, CODIGO, NUMERO_TEMP, NUMERO_EP)
 VALUES (9,'BCS01', 5, 8);
INSERT INTO TEM (ID_ARTIFICIAL, CODIGO, NUMERO_TEMP, NUMERO_EP)
 VALUES (9,'BCS01', 5, 9);
INSERT INTO TEM (ID_ARTIFICIAL, CODIGO, NUMERO_TEMP, NUMERO_EP)
 VALUES (9,'BCS01', 5, 10);
INSERT INTO EFEITOS_ESPECIAIS (ID_ARTIFICIAL, TIPO, CUSTO, ID_EDITORES, CODIGO_SERIE, NUMERO_TEMP, NUMERO_EP) 
VALUES ('21', 'Efeito de envelhecimento’', 20000, 9, 'BCS01', 3, 5); 
INSERT INTO EFEITOS_ESPECIAIS (ID_ARTIFICIAL, TIPO, CUSTO, ID_EDITORES, CODIGO_SERIE, NUMERO_TEMP, NUMERO_EP) 
VALUES ('22', 'Disparos de armas’', 25000, 9, 'BCS01', 2, 1); 
INSERT INTO EFEITOS_ESPECIAIS (ID_ARTIFICIAL, TIPO, CUSTO, ID_EDITORES, CODIGO_SERIE, NUMERO_TEMP, NUMERO_EP) 
VALUES ('23', 'Efeito de composição de digital', 30000, 9, 'BCS01', 1, 8); 

INSERT INTO DIRETOR (CPF, NOME)VALUES ('20000000000', 'Peter Gould');

INSERT INTO ROTEIRISTA (CPF, NOME) VALUES ('20000000001', 'Gennifer Hutchison');


INSERT INTO PERSONAGEM (RDA, NOME) VALUES (42, 'Nacho Varga');
INSERT INTO PERSONAGEM (RDA, NOME) VALUES (43, 'Kim Wexler');

INSERT INTO ATOR (CPF, NOME) VALUES ('20000000002', 'Michael Mando');
INSERT INTO ATOR (CPF, NOME) VALUES ('20000000567', 'Rhea Seehorn');


INSERT INTO ESCREVE (CPF, ID_ARTIFICIAL)
 VALUES ('20000000001', 63);
INSERT INTO ESCREVE (CPF, ID_ARTIFICIAL)
 VALUES ('20000000001', 64);
INSERT INTO ESCREVE (CPF, ID_ARTIFICIAL)
 VALUES ('20000000001', 65);
INSERT INTO ESCREVE (CPF, ID_ARTIFICIAL)
 VALUES ('20000000001', 66);
INSERT INTO ESCREVE (CPF, ID_ARTIFICIAL)
 VALUES ('20000000001', 67);
INSERT INTO ESCREVE (CPF, ID_ARTIFICIAL)
 VALUES ('20000000001', 68);
INSERT INTO ESCREVE (CPF, ID_ARTIFICIAL)
 VALUES ('20000000001', 69);
INSERT INTO ESCREVE (CPF, ID_ARTIFICIAL)
 VALUES ('20000000001', 70);
INSERT INTO ESCREVE (CPF, ID_ARTIFICIAL)
 VALUES ('20000000001', 71);
INSERT INTO ESCREVE (CPF, ID_ARTIFICIAL)
 VALUES ('20000000001', 72);
INSERT INTO ESCREVE (CPF, ID_ARTIFICIAL)
 VALUES ('20000000001', 73);
INSERT INTO ESCREVE (CPF, ID_ARTIFICIAL)
 VALUES ('20000000001', 74);
INSERT INTO ESCREVE (CPF, ID_ARTIFICIAL)
 VALUES ('20000000001', 75);
INSERT INTO ESCREVE (CPF, ID_ARTIFICIAL)
 VALUES ('20000000001', 76);
INSERT INTO ESCREVE (CPF, ID_ARTIFICIAL)
 VALUES ('20000000001', 77);
INSERT INTO ESCREVE (CPF, ID_ARTIFICIAL)
 VALUES ('20000000001', 78);
INSERT INTO ESCREVE (CPF, ID_ARTIFICIAL)
 VALUES ('20000000001', 79);
INSERT INTO ESCREVE (CPF, ID_ARTIFICIAL)
 VALUES ('20000000001', 80);
INSERT INTO ESCREVE (CPF, ID_ARTIFICIAL)
 VALUES ('20000000001', 81);
INSERT INTO ESCREVE (CPF, ID_ARTIFICIAL)
 VALUES ('20000000001', 82);
INSERT INTO ESCREVE (CPF, ID_ARTIFICIAL)
 VALUES ('20000000001', 83);
INSERT INTO ESCREVE (CPF, ID_ARTIFICIAL)
 VALUES ('20000000001', 84);
INSERT INTO ESCREVE (CPF, ID_ARTIFICIAL)
 VALUES ('20000000001', 85);
INSERT INTO ESCREVE (CPF, ID_ARTIFICIAL)
 VALUES ('20000000001', 86);
INSERT INTO ESCREVE (CPF, ID_ARTIFICIAL)
 VALUES ('20000000001', 87);
INSERT INTO ESCREVE (CPF, ID_ARTIFICIAL)
 VALUES ('20000000001', 88);
INSERT INTO ESCREVE (CPF, ID_ARTIFICIAL)
 VALUES ('20000000001', 89);
INSERT INTO ESCREVE (CPF, ID_ARTIFICIAL)
 VALUES ('20000000001', 90);
INSERT INTO ESCREVE (CPF, ID_ARTIFICIAL)
 VALUES ('20000000001', 91);
INSERT INTO ESCREVE (CPF, ID_ARTIFICIAL)
 VALUES ('20000000001', 92);
INSERT INTO ESCREVE (CPF, ID_ARTIFICIAL)
 VALUES ('20000000001', 93);
INSERT INTO ESCREVE (CPF, ID_ARTIFICIAL)
 VALUES ('20000000001', 94);
INSERT INTO ESCREVE (CPF, ID_ARTIFICIAL)
 VALUES ('20000000001', 95);
INSERT INTO ESCREVE (CPF, ID_ARTIFICIAL)
 VALUES ('20000000001', 96);
INSERT INTO ESCREVE (CPF, ID_ARTIFICIAL)
 VALUES ('20000000001', 97);
INSERT INTO ESCREVE (CPF, ID_ARTIFICIAL)
 VALUES ('20000000001', 98);
INSERT INTO ESCREVE (CPF, ID_ARTIFICIAL)
 VALUES ('20000000001', 99);
INSERT INTO ESCREVE (CPF, ID_ARTIFICIAL)
 VALUES ('20000000001', 100);
INSERT INTO ESCREVE (CPF, ID_ARTIFICIAL)
 VALUES ('20000000001', 101);
INSERT INTO ESCREVE (CPF, ID_ARTIFICIAL)
 VALUES ('20000000001', 102);
INSERT INTO ESCREVE (CPF, ID_ARTIFICIAL)
 VALUES ('20000000001', 103);
INSERT INTO ESCREVE (CPF, ID_ARTIFICIAL)
 VALUES ('20000000001', 104);
INSERT INTO ESCREVE (CPF, ID_ARTIFICIAL)
 VALUES ('20000000001', 105);
INSERT INTO ESCREVE (CPF, ID_ARTIFICIAL)
 VALUES ('20000000001', 106);
INSERT INTO ESCREVE (CPF, ID_ARTIFICIAL)
 VALUES ('20000000001', 107);
INSERT INTO ESCREVE (CPF, ID_ARTIFICIAL)
 VALUES ('20000000001', 108);
INSERT INTO ESCREVE (CPF, ID_ARTIFICIAL)
 VALUES ('20000000001', 109);
INSERT INTO ESCREVE (CPF, ID_ARTIFICIAL)
 VALUES ('20000000001', 110);
INSERT INTO ESCREVE (CPF, ID_ARTIFICIAL)
 VALUES ('20000000001', 111);
INSERT INTO ESCREVE (CPF, ID_ARTIFICIAL)
 VALUES ('20000000001', 112);

INSERT INTO TRABALHA (CPF_ROTEIRISTA, CPF_DIRETOR, CODIGO) 
VALUES ('20000000001', '20000000000', 'BCS01');

INSERT INTO INTERPRETA (CPF, RDA) VALUES ('20000000002', 42);
INSERT INTO INTERPRETA (CPF, RDA) VALUES ('20000000567', 43);

INSERT INTO COADJUVANTE (RDA, FIGURANTE) VALUES (42, 'FALSE');
INSERT INTO COADJUVANTE (RDA, FIGURANTE) VALUES (43, 'FALSE');

INSERT INTO PARTICIPA (CODIGO, RDA)
VALUES ('BCS01', 42);
INSERT INTO PARTICIPA (CODIGO, RDA)
VALUES ('BCS01', 43);
INSERT INTO PARTICIPA (CODIGO, RDA)
VALUES ('BCS01', 33);
INSERT INTO PARTICIPA (CODIGO, RDA)
VALUES ('BCS01', 28);
INSERT INTO PARTICIPA (CODIGO, RDA)
VALUES ('BCS01', 36);
INSERT INTO PARTICIPA (CODIGO, RDA)
VALUES ('BCS01', 35);
INSERT INTO PARTICIPA (CODIGO, RDA)
VALUES ('BCS01', 34);
INSERT INTO PARTICIPA (CODIGO, RDA)
VALUES ('BCS01', 30);



--- STRANGER THINGS

INSERT INTO SERIE (CODIGO, NOME) VALUES ('ST01', 'Stranger Things');


INSERT INTO GENERO (CODIGO, GENERO) VALUES ('ST01', 'Drama');
INSERT INTO GENERO (CODIGO, GENERO) VALUES ('ST01', 'Ficção científica');
INSERT INTO GENERO (CODIGO, GENERO) VALUES ('ST01', 'Terror');

INSERT INTO PREMIACOES (CODIGO, PREM_COLETIVA, PREM_INDIVIDUAL) VALUES ('ST01', 'Emmy Awards - Melhor Série Dramática', 'Millie Bobby Brown - Melhor Atriz em Série Dramática');
INSERT INTO PREMIACOES (CODIGO, PREM_COLETIVA, PREM_INDIVIDUAL) VALUES ('ST01', 'People’s Choice Awards - Melhor Série Premium de Drama', 'Finn Wolfhard - Melhor Performance em Série');


INSERT INTO DIRETOR (CPF, NOME) VALUES ('31122233344', 'Matt Duffer');
INSERT INTO DIRETOR (CPF, NOME) VALUES ('31122233345', 'Ross Duffer');


INSERT INTO ROTEIRISTA (CPF, NOME) VALUES ('31122233344', 'Matt Duffer');
INSERT INTO ROTEIRISTA (CPF, NOME) VALUES ('31122233345', 'Ross Duffer');


INSERT INTO ROTEIRO (ID_ARTIFICIAL, ARQUIVO)
 VALUES (114, 'stranger_things_roteiro_114.pdf');
INSERT INTO ROTEIRO (ID_ARTIFICIAL, ARQUIVO)
 VALUES (115, 'stranger_things_roteiro_115.pdf');
INSERT INTO ROTEIRO (ID_ARTIFICIAL, ARQUIVO)
 VALUES (116, 'stranger_things_roteiro_116.pdf');
INSERT INTO ROTEIRO (ID_ARTIFICIAL, ARQUIVO)
 VALUES (117, 'stranger_things_roteiro_117.pdf');
INSERT INTO ROTEIRO (ID_ARTIFICIAL, ARQUIVO)
 VALUES (118, 'stranger_things_roteiro_118.pdf');
INSERT INTO ROTEIRO (ID_ARTIFICIAL, ARQUIVO)
 VALUES (119, 'stranger_things_roteiro_119.pdf');
INSERT INTO ROTEIRO (ID_ARTIFICIAL, ARQUIVO)
 VALUES (120, 'stranger_things_roteiro_120.pdf');
INSERT INTO ROTEIRO (ID_ARTIFICIAL, ARQUIVO)
 VALUES (121, 'stranger_things_roteiro_121.pdf');
INSERT INTO ROTEIRO (ID_ARTIFICIAL, ARQUIVO)
 VALUES (122, 'stranger_things_roteiro_122.pdf');
INSERT INTO ROTEIRO (ID_ARTIFICIAL, ARQUIVO)
 VALUES (123, 'stranger_things_roteiro_123.pdf');
INSERT INTO ROTEIRO (ID_ARTIFICIAL, ARQUIVO)
 VALUES (124, 'stranger_things_roteiro_124.pdf');
INSERT INTO ROTEIRO (ID_ARTIFICIAL, ARQUIVO)
 VALUES (125, 'stranger_things_roteiro_125.pdf');
INSERT INTO ROTEIRO (ID_ARTIFICIAL, ARQUIVO)
 VALUES (126, 'stranger_things_roteiro_126.pdf');
INSERT INTO ROTEIRO (ID_ARTIFICIAL, ARQUIVO)
 VALUES (127, 'stranger_things_roteiro_127.pdf');
INSERT INTO ROTEIRO (ID_ARTIFICIAL, ARQUIVO)
 VALUES (128, 'stranger_things_roteiro_128.pdf');
INSERT INTO ROTEIRO (ID_ARTIFICIAL, ARQUIVO)
 VALUES (129, 'stranger_things_roteiro_129.pdf');
INSERT INTO ROTEIRO (ID_ARTIFICIAL, ARQUIVO)
 VALUES (130, 'stranger_things_roteiro_130.pdf');
INSERT INTO ROTEIRO (ID_ARTIFICIAL, ARQUIVO)
 VALUES (131, 'stranger_things_roteiro_131.pdf');
INSERT INTO ROTEIRO (ID_ARTIFICIAL, ARQUIVO)
 VALUES (132, 'stranger_things_roteiro_132.pdf');
INSERT INTO ROTEIRO (ID_ARTIFICIAL, ARQUIVO)
 VALUES (133, 'stranger_things_roteiro_133.pdf');
INSERT INTO ROTEIRO (ID_ARTIFICIAL, ARQUIVO)
 VALUES (134, 'stranger_things_roteiro_134.pdf');
INSERT INTO ROTEIRO (ID_ARTIFICIAL, ARQUIVO)
 VALUES (135, 'stranger_things_roteiro_135.pdf');
INSERT INTO ROTEIRO (ID_ARTIFICIAL, ARQUIVO)
 VALUES (136, 'stranger_things_roteiro_136.pdf');
INSERT INTO ROTEIRO (ID_ARTIFICIAL, ARQUIVO)
 VALUES (137, 'stranger_things_roteiro_137.pdf');
INSERT INTO ROTEIRO (ID_ARTIFICIAL, ARQUIVO)
 VALUES (138, 'stranger_things_roteiro_138.pdf');


INSERT INTO PERSONAGEM (RDA, NOME) VALUES (1, 'Eleven');
INSERT INTO PERSONAGEM (RDA, NOME) VALUES (2, 'Mike Wheeler');
INSERT INTO PERSONAGEM (RDA, NOME) VALUES (3, 'Dustin Henderson');
INSERT INTO PERSONAGEM (RDA, NOME) VALUES (4, 'Lucas Sinclair');
INSERT INTO PERSONAGEM (RDA, NOME) VALUES (5, 'Will Byers');
INSERT INTO PERSONAGEM (RDA, NOME) VALUES (6, 'Max Mayfield');
INSERT INTO PERSONAGEM (RDA, NOME) VALUES (7, 'Steve harrington');


INSERT INTO ATOR (CPF, NOME) VALUES ('32345678901', 'Millie Bobby Brown');
INSERT INTO ATOR (CPF, NOME) VALUES ('33456789012', 'Finn Wolfhard');
INSERT INTO ATOR (CPF, NOME) VALUES ('34567890123', 'Gaten Matarazzo');
INSERT INTO ATOR (CPF, NOME) VALUES ('35678901234', 'Caleb McLaughlin');
INSERT INTO ATOR (CPF, NOME) VALUES ('36789012345', 'Noah Schnapp');
INSERT INTO ATOR (CPF, NOME) VALUES ('36789012346', 'Sadie Sink');
INSERT INTO ATOR (CPF, NOME) VALUES ('36789012347', 'Joe Keery');


INSERT INTO EQUIPE_DE_EDITORES (ID_ARTIFICIAL, TIPO) VALUES (1, 'Technicolor');



INSERT INTO TEMPORADA (CODIGO, NUMERO) VALUES ('ST01', 1);
INSERT INTO TEMPORADA (CODIGO, NUMERO) VALUES ('ST01', 2);
INSERT INTO TEMPORADA (CODIGO, NUMERO) VALUES ('ST01', 3);

INSERT INTO EPISODIO (CODIGO, NUMERO_TEMP, NUMERO_EP, TITULO, TEMPO_DE_DURACAO, ROTEIRO_ID)
 VALUES ('ST01', 1, 1, 'The Vanishing of Will Byers', '00:48:00', 114);
INSERT INTO EPISODIO (CODIGO, NUMERO_TEMP, NUMERO_EP, TITULO, TEMPO_DE_DURACAO, ROTEIRO_ID)
 VALUES ('ST01', 1, 2, 'The Weirdo on Maple Street', '00:55:00', 115);
INSERT INTO EPISODIO (CODIGO, NUMERO_TEMP, NUMERO_EP, TITULO, TEMPO_DE_DURACAO, ROTEIRO_ID)
 VALUES ('ST01', 1, 3, 'Holly, Jolly', '00:51:00', 116);
INSERT INTO EPISODIO (CODIGO, NUMERO_TEMP, NUMERO_EP, TITULO, TEMPO_DE_DURACAO, ROTEIRO_ID)
 VALUES ('ST01', 1, 4, 'The Body', '00:49:00', 117);
INSERT INTO EPISODIO (CODIGO, NUMERO_TEMP, NUMERO_EP, TITULO, TEMPO_DE_DURACAO, ROTEIRO_ID)
 VALUES ('ST01', 1, 5, 'The Flea and the Acrobat', '00:55:00', 118);
INSERT INTO EPISODIO (CODIGO, NUMERO_TEMP, NUMERO_EP, TITULO, TEMPO_DE_DURACAO, ROTEIRO_ID)
 VALUES ('ST01', 1, 6, 'The Monster', '00:47:00', 119);
INSERT INTO EPISODIO (CODIGO, NUMERO_TEMP, NUMERO_EP, TITULO, TEMPO_DE_DURACAO, ROTEIRO_ID)
 VALUES ('ST01', 1, 7, 'The Bathtub', '00:42:00', 120);
INSERT INTO EPISODIO (CODIGO, NUMERO_TEMP, NUMERO_EP, TITULO, TEMPO_DE_DURACAO, ROTEIRO_ID)
 VALUES ('ST01', 1, 8, 'The Upside Down', '00:55:00', 121);



INSERT INTO EPISODIO (CODIGO, NUMERO_TEMP, NUMERO_EP, TITULO, TEMPO_DE_DURACAO, ROTEIRO_ID)
 VALUES ('ST01', 2, 1, 'MADMAX', '00:48:00', 123);
INSERT INTO EPISODIO (CODIGO, NUMERO_TEMP, NUMERO_EP, TITULO, TEMPO_DE_DURACAO, ROTEIRO_ID)
 VALUES ('ST01', 2, 2, 'Trick or Treat, Freak', '00:56:00', 124);
INSERT INTO EPISODIO (CODIGO, NUMERO_TEMP, NUMERO_EP, TITULO, TEMPO_DE_DURACAO, ROTEIRO_ID)
 VALUES ('ST01', 2, 3, 'The Pollywog', '00:51:00', 125);
INSERT INTO EPISODIO (CODIGO, NUMERO_TEMP, NUMERO_EP, TITULO, TEMPO_DE_DURACAO, ROTEIRO_ID)
 VALUES ('ST01', 2, 4, 'Will the Wise', '00:46:00', 126);
INSERT INTO EPISODIO (CODIGO, NUMERO_TEMP, NUMERO_EP, TITULO, TEMPO_DE_DURACAO, ROTEIRO_ID)
 VALUES ('ST01', 2, 5, 'Dig Dug', '00:57:00', 127);
INSERT INTO EPISODIO (CODIGO, NUMERO_TEMP, NUMERO_EP, TITULO, TEMPO_DE_DURACAO, ROTEIRO_ID)
 VALUES ('ST01', 2, 6, 'The Spy', '00:51:00', 128);
INSERT INTO EPISODIO (CODIGO, NUMERO_TEMP, NUMERO_EP, TITULO, TEMPO_DE_DURACAO, ROTEIRO_ID)
 VALUES ('ST01', 2, 7, 'The Lost Sister', '00:47:00', 129);
INSERT INTO EPISODIO (CODIGO, NUMERO_TEMP, NUMERO_EP, TITULO, TEMPO_DE_DURACAO, ROTEIRO_ID)
 VALUES ('ST01', 2, 8, 'The Mind Flayer', '00:50:00', 130);
INSERT INTO EPISODIO (CODIGO, NUMERO_TEMP, NUMERO_EP, TITULO, TEMPO_DE_DURACAO, ROTEIRO_ID)
 VALUES ('ST01', 2, 9, 'The Gate', '01:06:00', 131);

INSERT INTO EPISODIO (CODIGO, NUMERO_TEMP, NUMERO_EP, TITULO, TEMPO_DE_DURACAO, ROTEIRO_ID)
 VALUES ('ST01', 3, 1, 'Suzie, Do You Copy?', '00:51:00', 132);
INSERT INTO EPISODIO (CODIGO, NUMERO_TEMP, NUMERO_EP, TITULO, TEMPO_DE_DURACAO, ROTEIRO_ID)
 VALUES ('ST01', 3, 2, 'The Mall Rats', '00:52:00', 133);
INSERT INTO EPISODIO (CODIGO, NUMERO_TEMP, NUMERO_EP, TITULO, TEMPO_DE_DURACAO, ROTEIRO_ID)
 VALUES ('ST01', 3, 3, 'The Case of the Missing Lifeguard', '00:48:00', 134);
INSERT INTO EPISODIO (CODIGO, NUMERO_TEMP, NUMERO_EP, TITULO, TEMPO_DE_DURACAO, ROTEIRO_ID)
 VALUES ('ST01', 3, 4, 'The Sauna Test', '00:52:00', 135);
INSERT INTO EPISODIO (CODIGO, NUMERO_TEMP, NUMERO_EP, TITULO, TEMPO_DE_DURACAO, ROTEIRO_ID)
 VALUES ('ST01', 3, 5, 'The Flayed', '00:58:00', 136);
INSERT INTO EPISODIO (CODIGO, NUMERO_TEMP, NUMERO_EP, TITULO, TEMPO_DE_DURACAO, ROTEIRO_ID)
 VALUES ('ST01', 3, 6, 'E Pluribus Unum', '00:50:00', 137);
INSERT INTO EPISODIO (CODIGO, NUMERO_TEMP, NUMERO_EP, TITULO, TEMPO_DE_DURACAO, ROTEIRO_ID)
 VALUES ('ST01', 3, 7, 'The Bite', '00:54:00', 138);
INSERT INTO EPISODIO (CODIGO, NUMERO_TEMP, NUMERO_EP, TITULO, TEMPO_DE_DURACAO, ROTEIRO_ID)
 VALUES ('ST01', 3, 8, 'The Battle of Starcourt', '01:18:00', 139);


INSERT INTO PRINCIPAL (RDA) VALUES (1);
INSERT INTO PRINCIPAL (RDA) VALUES (2);
INSERT INTO PRINCIPAL (RDA) VALUES (3);
INSERT INTO PRINCIPAL (RDA) VALUES (4);
INSERT INTO PRINCIPAL (RDA) VALUES (5);



INSERT INTO COADJUVANTE (RDA, FIGURANTE) VALUES (6, 'FALSE');
INSERT INTO COADJUVANTE (RDA, FIGURANTE) VALUES (7, 'FALSE');


INSERT INTO TEM (ID_ARTIFICIAL, CODIGO, NUMERO_TEMP, NUMERO_EP) VALUES (1, 'ST01', 1, 1);
INSERT INTO TEM (ID_ARTIFICIAL, CODIGO, NUMERO_TEMP, NUMERO_EP)
VALUES (1, 'ST01', 1, 2);
INSERT INTO TEM (ID_ARTIFICIAL, CODIGO, NUMERO_TEMP, NUMERO_EP) VALUES (1, 'ST01', 1, 3);
INSERT INTO TEM (ID_ARTIFICIAL, CODIGO, NUMERO_TEMP, NUMERO_EP) VALUES (1, 'ST01', 1, 4);
INSERT INTO TEM (ID_ARTIFICIAL, CODIGO, NUMERO_TEMP, NUMERO_EP) VALUES (1, 'ST01', 1, 5);
INSERT INTO TEM (ID_ARTIFICIAL, CODIGO, NUMERO_TEMP, NUMERO_EP) VALUES (1, 'ST01', 1, 6);
INSERT INTO TEM (ID_ARTIFICIAL, CODIGO, NUMERO_TEMP, NUMERO_EP)
VALUES (1, 'ST01', 1, 7);
INSERT INTO TEM (ID_ARTIFICIAL, CODIGO, NUMERO_TEMP, NUMERO_EP)
VALUES (1, 'ST01', 1, 8);

INSERT INTO TEM (ID_ARTIFICIAL, CODIGO, NUMERO_TEMP, NUMERO_EP)
 VALUES (1, 'ST01', 2, 1);
INSERT INTO TEM (ID_ARTIFICIAL, CODIGO, NUMERO_TEMP, NUMERO_EP)
 VALUES (1, 'ST01', 2, 2);
INSERT INTO TEM (ID_ARTIFICIAL, CODIGO, NUMERO_TEMP, NUMERO_EP)
 VALUES (1, 'ST01', 2, 3);
INSERT INTO TEM (ID_ARTIFICIAL, CODIGO, NUMERO_TEMP, NUMERO_EP)
 VALUES (1, 'ST01', 2, 4);
INSERT INTO TEM (ID_ARTIFICIAL, CODIGO, NUMERO_TEMP, NUMERO_EP)
 VALUES (1, 'ST01', 2, 5);
INSERT INTO TEM (ID_ARTIFICIAL, CODIGO, NUMERO_TEMP, NUMERO_EP)
 VALUES (1, 'ST01', 2, 6);
INSERT INTO TEM (ID_ARTIFICIAL, CODIGO, NUMERO_TEMP, NUMERO_EP)
 VALUES (1, 'ST01', 2, 7);
INSERT INTO TEM (ID_ARTIFICIAL, CODIGO, NUMERO_TEMP, NUMERO_EP)
 VALUES (1, 'ST01', 2, 8);
INSERT INTO TEM (ID_ARTIFICIAL, CODIGO, NUMERO_TEMP, NUMERO_EP)
 VALUES (1, 'ST01', 2, 9);

INSERT INTO TEM (ID_ARTIFICIAL, CODIGO, NUMERO_TEMP, NUMERO_EP)
 VALUES (1, 'ST01', 3, 1);
INSERT INTO TEM (ID_ARTIFICIAL, CODIGO, NUMERO_TEMP, NUMERO_EP)
 VALUES (1, 'ST01', 3, 2);
INSERT INTO TEM (ID_ARTIFICIAL, CODIGO, NUMERO_TEMP, NUMERO_EP)
 VALUES (1, 'ST01', 3, 3);
INSERT INTO TEM (ID_ARTIFICIAL, CODIGO, NUMERO_TEMP, NUMERO_EP)
 VALUES (1, 'ST01', 3, 4);
INSERT INTO TEM (ID_ARTIFICIAL, CODIGO, NUMERO_TEMP, NUMERO_EP)
 VALUES (1, 'ST01', 3, 5);
INSERT INTO TEM (ID_ARTIFICIAL, CODIGO, NUMERO_TEMP, NUMERO_EP)
 VALUES (1, 'ST01', 3, 6);
INSERT INTO TEM (ID_ARTIFICIAL, CODIGO, NUMERO_TEMP, NUMERO_EP)
 VALUES (1, 'ST01', 3, 7);
INSERT INTO TEM (ID_ARTIFICIAL, CODIGO, NUMERO_TEMP, NUMERO_EP)
 VALUES (1, 'ST01', 3, 8);


INSERT INTO EFEITOS_ESPECIAIS (ID_ARTIFICIAL, TIPO, CUSTO, ID_EDITORES, CODIGO_SERIE, NUMERO_TEMP, NUMERO_EP) VALUES (31, 'Efeitos Especiais de Criaturas', 15000, 1, 'ST01', 1, 2);

INSERT INTO EFEITOS_ESPECIAIS (ID_ARTIFICIAL, TIPO, CUSTO, ID_EDITORES, CODIGO_SERIE, NUMERO_TEMP, NUMERO_EP) VALUES (32, 'Efeitos Especiais de Ambiente', 18000, 1, 'ST01', 2, 4);

INSERT INTO EFEITOS_ESPECIAIS (ID_ARTIFICIAL, TIPO, CUSTO, ID_EDITORES, CODIGO_SERIE, NUMERO_TEMP, NUMERO_EP) VALUES (33, 'Efeitos Especiais de Criaturas', 19000, 1, 'ST01', 3, 7);



INSERT INTO INTERPRETA (CPF, RDA) VALUES ('32345678901', 1);
INSERT INTO INTERPRETA (CPF, RDA) VALUES ('33456789012', 2);
INSERT INTO INTERPRETA (CPF, RDA) VALUES ('34567890123', 3);
INSERT INTO INTERPRETA (CPF, RDA) VALUES ('35678901234', 4);
INSERT INTO INTERPRETA (CPF, RDA) VALUES ('36789012345', 5);
INSERT INTO INTERPRETA (CPF, RDA) VALUES ('36789012346', 6);
INSERT INTO INTERPRETA (CPF, RDA) VALUES ('36789012347', 7);


INSERT INTO PARTICIPA (CODIGO, RDA) VALUES ('ST01', 1);
INSERT INTO PARTICIPA (CODIGO, RDA) VALUES ('ST01', 2);
INSERT INTO PARTICIPA (CODIGO, RDA) VALUES ('ST01', 3);
INSERT INTO PARTICIPA (CODIGO, RDA) VALUES ('ST01', 4);
INSERT INTO PARTICIPA (CODIGO, RDA) VALUES ('ST01', 5);
INSERT INTO PARTICIPA (CODIGO, RDA) VALUES ('ST01', 6);
INSERT INTO PARTICIPA (CODIGO, RDA) VALUES ('ST01', 7);


INSERT INTO ESCREVE (CPF, ID_ARTIFICIAL)
 VALUES ('31122233344',114);
INSERT INTO ESCREVE (CPF, ID_ARTIFICIAL)
 VALUES ('31122233344',115);
INSERT INTO ESCREVE (CPF, ID_ARTIFICIAL)
 VALUES ('31122233344',116);
INSERT INTO ESCREVE (CPF, ID_ARTIFICIAL)
 VALUES ('31122233344',117);
INSERT INTO ESCREVE (CPF, ID_ARTIFICIAL)
 VALUES ('31122233344',118);
INSERT INTO ESCREVE (CPF, ID_ARTIFICIAL)
 VALUES ('31122233344',119);
INSERT INTO ESCREVE (CPF, ID_ARTIFICIAL)
 VALUES ('31122233344',120);
INSERT INTO ESCREVE (CPF, ID_ARTIFICIAL)
 VALUES ('31122233344',121);
INSERT INTO ESCREVE (CPF, ID_ARTIFICIAL)
 VALUES ('31122233344',122);
INSERT INTO ESCREVE (CPF, ID_ARTIFICIAL)
 VALUES ('31122233344',123);
INSERT INTO ESCREVE (CPF, ID_ARTIFICIAL)
 VALUES ('31122233344', 124);
INSERT INTO ESCREVE (CPF, ID_ARTIFICIAL)
 VALUES ('31122233344', 125);
INSERT INTO ESCREVE (CPF, ID_ARTIFICIAL)
 VALUES ('31122233344', 126);
INSERT INTO ESCREVE (CPF, ID_ARTIFICIAL)
 VALUES ('31122233344',127);
INSERT INTO ESCREVE (CPF, ID_ARTIFICIAL)
 VALUES ('31122233344',128);
INSERT INTO ESCREVE (CPF, ID_ARTIFICIAL)
 VALUES ('31122233344',129);
INSERT INTO ESCREVE (CPF, ID_ARTIFICIAL)
 VALUES ('31122233344',130);
INSERT INTO ESCREVE (CPF, ID_ARTIFICIAL)
 VALUES ('31122233344',131);
INSERT INTO ESCREVE (CPF, ID_ARTIFICIAL)
 VALUES ('31122233344',132);
INSERT INTO ESCREVE (CPF, ID_ARTIFICIAL)
 VALUES ('31122233344',133);
INSERT INTO ESCREVE (CPF, ID_ARTIFICIAL)
 VALUES ('31122233344',134);
INSERT INTO ESCREVE (CPF, ID_ARTIFICIAL)
 VALUES ('31122233344',135);
INSERT INTO ESCREVE (CPF, ID_ARTIFICIAL)
 VALUES ('31122233344',136);
INSERT INTO ESCREVE (CPF, ID_ARTIFICIAL)
 VALUES ('31122233344',137);
INSERT INTO ESCREVE (CPF, ID_ARTIFICIAL)
 VALUES ('31122233344',138);


INSERT INTO ESCREVE (CPF, ID_ARTIFICIAL)
 VALUES ('31122233345', 114);
INSERT INTO ESCREVE (CPF, ID_ARTIFICIAL)
 VALUES ('31122233345', 115);
INSERT INTO ESCREVE (CPF, ID_ARTIFICIAL)
 VALUES ('31122233345', 116);
INSERT INTO ESCREVE (CPF, ID_ARTIFICIAL)
 VALUES ('31122233345', 117);
INSERT INTO ESCREVE (CPF, ID_ARTIFICIAL)
 VALUES ('31122233345', 118);
INSERT INTO ESCREVE (CPF, ID_ARTIFICIAL)
 VALUES ('31122233345', 119);
INSERT INTO ESCREVE (CPF, ID_ARTIFICIAL)
 VALUES ('31122233345', 120);
INSERT INTO ESCREVE (CPF, ID_ARTIFICIAL)
 VALUES ('31122233345', 121);
INSERT INTO ESCREVE (CPF, ID_ARTIFICIAL)
 VALUES ('31122233345', 122);
INSERT INTO ESCREVE (CPF, ID_ARTIFICIAL)
 VALUES ('31122233345', 123);
INSERT INTO ESCREVE (CPF, ID_ARTIFICIAL)
 VALUES ('31122233345', 124);
INSERT INTO ESCREVE (CPF, ID_ARTIFICIAL)
 VALUES ('31122233345', 125);
INSERT INTO ESCREVE (CPF, ID_ARTIFICIAL)
 VALUES ('31122233345', 126);
INSERT INTO ESCREVE (CPF, ID_ARTIFICIAL)
 VALUES ('31122233345', 127);
INSERT INTO ESCREVE (CPF, ID_ARTIFICIAL)
 VALUES ('31122233345', 128);
INSERT INTO ESCREVE (CPF, ID_ARTIFICIAL)
 VALUES ('31122233345', 129);
INSERT INTO ESCREVE (CPF, ID_ARTIFICIAL)
 VALUES ('31122233345', 130);
INSERT INTO ESCREVE (CPF, ID_ARTIFICIAL)
 VALUES ('31122233345', 131);
INSERT INTO ESCREVE (CPF, ID_ARTIFICIAL)
 VALUES ('31122233345', 132);
INSERT INTO ESCREVE (CPF, ID_ARTIFICIAL)
 VALUES ('31122233345', 133);
INSERT INTO ESCREVE (CPF, ID_ARTIFICIAL)
 VALUES ('31122233345', 134);
INSERT INTO ESCREVE (CPF, ID_ARTIFICIAL)
 VALUES ('31122233345', 135);
INSERT INTO ESCREVE (CPF, ID_ARTIFICIAL)
 VALUES ('31122233345', 136);
INSERT INTO ESCREVE (CPF, ID_ARTIFICIAL)
 VALUES ('31122233345',137);
INSERT INTO ESCREVE (CPF, ID_ARTIFICIAL)
 VALUES ('31122233345', 138);


INSERT INTO TRABALHA (CPF_ROTEIRISTA, CPF_DIRETOR, CODIGO) VALUES ('31122233344', '31122233344', 'ST01');
INSERT INTO TRABALHA (CPF_ROTEIRISTA, CPF_DIRETOR, CODIGO) VALUES ('31122233345', '31122233345', 'ST01');
INSERT INTO TRABALHA (CPF_ROTEIRISTA, CPF_DIRETOR, CODIGO) VALUES ('31122233344', '31122233345', 'ST01');
INSERT INTO TRABALHA (CPF_ROTEIRISTA, CPF_DIRETOR, CODIGO) VALUES ('31122233345', '31122233344', 'ST01');


---THE CROWN


INSERT INTO SERIE (CODIGO, NOME, SHOW_ORIGINAL)
VALUES ('CRWN', 'The Crown', 'TRUE');

INSERT INTO TEMPORADA (CODIGO, NUMERO)
VALUES ('CRWN', 1);
INSERT INTO TEMPORADA (CODIGO, NUMERO)
VALUES ('CRWN', 2);
INSERT INTO TEMPORADA (CODIGO, NUMERO)
VALUES ('CRWN', 3);
INSERT INTO TEMPORADA (CODIGO, NUMERO)
VALUES ('CRWN', 4);


INSERT INTO EPISODIO (CODIGO, NUMERO_TEMP, NUMERO_EP, TITULO, TEMPO_DE_DURACAO, ROTEIRO_ID)
VALUES ('CRWN', 1, 1, 'Wolferton Splash', '00:57:00', 140);
INSERT INTO EPISODIO (CODIGO, NUMERO_TEMP, NUMERO_EP, TITULO, TEMPO_DE_DURACAO, ROTEIRO_ID)
VALUES ('CRWN', 1, 2, 'Hyde Park Corner', '00:57:00', 141);
INSERT INTO EPISODIO (CODIGO, NUMERO_TEMP, NUMERO_EP, TITULO, TEMPO_DE_DURACAO, ROTEIRO_ID)
VALUES ('CRWN', 1, 3, 'Windsor', '00:58:00', 142);
INSERT INTO EPISODIO (CODIGO, NUMERO_TEMP, NUMERO_EP, TITULO, TEMPO_DE_DURACAO, ROTEIRO_ID)
VALUES ('CRWN', 1, 4, 'Act of God', '00:56:00', 143);
INSERT INTO EPISODIO (CODIGO, NUMERO_TEMP, NUMERO_EP, TITULO, TEMPO_DE_DURACAO, ROTEIRO_ID)
VALUES ('CRWN', 1, 5, 'Smoke and Mirrors', '00:59:00', 144);
INSERT INTO EPISODIO (CODIGO, NUMERO_TEMP, NUMERO_EP, TITULO, TEMPO_DE_DURACAO, ROTEIRO_ID)
VALUES ('CRWN', 1, 6, 'Gelignite', '00:57:00', 145);
INSERT INTO EPISODIO (CODIGO, NUMERO_TEMP, NUMERO_EP, TITULO, TEMPO_DE_DURACAO, ROTEIRO_ID)
VALUES ('CRWN', 1, 7, 'Scientia Potentia Est', '00:57:00', 146);
INSERT INTO EPISODIO (CODIGO, NUMERO_TEMP, NUMERO_EP, TITULO, TEMPO_DE_DURACAO, ROTEIRO_ID)
VALUES ('CRWN', 1, 8, 'Pride & Joy', '01:00:00', 147);
INSERT INTO EPISODIO (CODIGO, NUMERO_TEMP, NUMERO_EP, TITULO, TEMPO_DE_DURACAO, ROTEIRO_ID)
VALUES ('CRWN', 1, 9, 'Assassins', '00:57:00', 148);
INSERT INTO EPISODIO (CODIGO, NUMERO_TEMP, NUMERO_EP, TITULO, TEMPO_DE_DURACAO, ROTEIRO_ID)
VALUES ('CRWN', 1, 10, 'Gloriana', '01:01:00', 149);

INSERT INTO EPISODIO (CODIGO, NUMERO_TEMP, NUMERO_EP, TITULO, TEMPO_DE_DURACAO, ROTEIRO_ID)
VALUES ('CRWN', 2, 1, 'Misadventure', '01:02:00', 150);
INSERT INTO EPISODIO (CODIGO, NUMERO_TEMP, NUMERO_EP, TITULO, TEMPO_DE_DURACAO, ROTEIRO_ID)
VALUES ('CRWN', 2, 2, 'A Company of Men', '00:56:00', 151);
INSERT INTO EPISODIO (CODIGO, NUMERO_TEMP, NUMERO_EP, TITULO, TEMPO_DE_DURACAO, ROTEIRO_ID)
VALUES ('CRWN', 2, 3, 'Lisbon', '00:57:00', 152);
INSERT INTO EPISODIO (CODIGO, NUMERO_TEMP, NUMERO_EP, TITULO, TEMPO_DE_DURACAO, ROTEIRO_ID)
VALUES ('CRWN', 2, 4, 'Beryl', '00:58:00', 153);
INSERT INTO EPISODIO (CODIGO, NUMERO_TEMP, NUMERO_EP, TITULO, TEMPO_DE_DURACAO, ROTEIRO_ID)
VALUES ('CRWN', 2, 5, 'Marionettes', '00:58:00', 154);
INSERT INTO EPISODIO (CODIGO, NUMERO_TEMP, NUMERO_EP, TITULO, TEMPO_DE_DURACAO, ROTEIRO_ID)
VALUES ('CRWN', 2, 6, 'Vergangenheit', '00:55:00', 155);
INSERT INTO EPISODIO (CODIGO, NUMERO_TEMP, NUMERO_EP, TITULO, TEMPO_DE_DURACAO, ROTEIRO_ID)
VALUES ('CRWN', 2, 7, 'Matrimonium', '01:01:00', 156);
INSERT INTO EPISODIO (CODIGO, NUMERO_TEMP, NUMERO_EP, TITULO, TEMPO_DE_DURACAO, ROTEIRO_ID)
VALUES ('CRWN', 2, 8, 'Dear Mrs. Kennedy', '00:59:00', 157);
INSERT INTO EPISODIO (CODIGO, NUMERO_TEMP, NUMERO_EP, TITULO, TEMPO_DE_DURACAO, ROTEIRO_ID)
VALUES ('CRWN', 2, 9, 'Paterfamilias', '01:01:00', 158);
INSERT INTO EPISODIO (CODIGO, NUMERO_TEMP, NUMERO_EP, TITULO, TEMPO_DE_DURACAO, ROTEIRO_ID)
VALUES ('CRWN', 2, 10, 'Mystery Man', '01:00:00', 159);


INSERT INTO EPISODIO (CODIGO, NUMERO_TEMP, NUMERO_EP, TITULO, TEMPO_DE_DURACAO, ROTEIRO_ID)
VALUES ('CRWN', 3, 1, 'Olding', '00:58:00', 160);
INSERT INTO EPISODIO (CODIGO, NUMERO_TEMP, NUMERO_EP, TITULO, TEMPO_DE_DURACAO, ROTEIRO_ID)
VALUES ('CRWN', 3, 2, 'Margaretology', '00:59:00', 161);
INSERT INTO EPISODIO (CODIGO, NUMERO_TEMP, NUMERO_EP, TITULO, TEMPO_DE_DURACAO, ROTEIRO_ID)
VALUES ('CRWN', 3, 3, 'Aberfan', '00:58:00', 162);
INSERT INTO EPISODIO (CODIGO, NUMERO_TEMP, NUMERO_EP, TITULO, TEMPO_DE_DURACAO, ROTEIRO_ID)
VALUES ('CRWN', 3, 4, 'Bubbikins', '00:52:00', 163);
INSERT INTO EPISODIO (CODIGO, NUMERO_TEMP, NUMERO_EP, TITULO, TEMPO_DE_DURACAO, ROTEIRO_ID)
VALUES ('CRWN', 3, 5, 'Coup', '00:51:00', 164);
INSERT INTO EPISODIO (CODIGO, NUMERO_TEMP, NUMERO_EP, TITULO, TEMPO_DE_DURACAO, ROTEIRO_ID)
VALUES ('CRWN', 3, 6, 'Tywysog Cymru', '00:53:00', 165);
INSERT INTO EPISODIO (CODIGO, NUMERO_TEMP, NUMERO_EP, TITULO, TEMPO_DE_DURACAO, ROTEIRO_ID)
VALUES ('CRWN', 3, 7, 'Moondust', '00:54:00', 166);
INSERT INTO EPISODIO (CODIGO, NUMERO_TEMP, NUMERO_EP, TITULO, TEMPO_DE_DURACAO, ROTEIRO_ID)
VALUES ('CRWN', 3, 8, 'Dangling Man', '00:57:00', 167);
INSERT INTO EPISODIO (CODIGO, NUMERO_TEMP, NUMERO_EP, TITULO, TEMPO_DE_DURACAO, ROTEIRO_ID)
VALUES ('CRWN', 3, 9, 'Imbroglio', '00:58:00', 168);
INSERT INTO EPISODIO (CODIGO, NUMERO_TEMP, NUMERO_EP, TITULO, TEMPO_DE_DURACAO, ROTEIRO_ID)
VALUES ('CRWN', 3, 10, 'Cri de Coeur', '01:12:00', 169);


INSERT INTO EPISODIO (CODIGO, NUMERO_TEMP, NUMERO_EP, TITULO, TEMPO_DE_DURACAO, ROTEIRO_ID)
VALUES ('CRWN', 4, 1, 'Gold Stick', '00:58:00', 170);
INSERT INTO EPISODIO (CODIGO, NUMERO_TEMP, NUMERO_EP, TITULO, TEMPO_DE_DURACAO, ROTEIRO_ID)
VALUES ('CRWN', 4, 2, 'The Balmoral Test', '00:53:00', 171);
INSERT INTO EPISODIO (CODIGO, NUMERO_TEMP, NUMERO_EP, TITULO, TEMPO_DE_DURACAO, ROTEIRO_ID)
VALUES ('CRWN', 4, 3, 'Fairytale', '01:00:00', 172);
INSERT INTO EPISODIO (CODIGO, NUMERO_TEMP, NUMERO_EP, TITULO, TEMPO_DE_DURACAO, ROTEIRO_ID)
VALUES ('CRWN', 4, 4, 'Favourites', '00:56:00', 173);
INSERT INTO EPISODIO (CODIGO, NUMERO_TEMP, NUMERO_EP, TITULO, TEMPO_DE_DURACAO, ROTEIRO_ID)
VALUES ('CRWN', 4, 5, 'Fagan', '00:48:00', 174);
INSERT INTO EPISODIO (CODIGO, NUMERO_TEMP, NUMERO_EP, TITULO, TEMPO_DE_DURACAO, ROTEIRO_ID)
VALUES ('CRWN', 4, 6, 'Terra Nullius', '00:59:00', 175);
INSERT INTO EPISODIO (CODIGO, NUMERO_TEMP, NUMERO_EP, TITULO, TEMPO_DE_DURACAO, ROTEIRO_ID)
VALUES ('CRWN', 4, 7, 'The Hereditary Principle', '01:00:00', 176);
INSERT INTO EPISODIO (CODIGO, NUMERO_TEMP, NUMERO_EP, TITULO, TEMPO_DE_DURACAO, ROTEIRO_ID)
VALUES ('CRWN', 4, 8, '48:1', '00:56:00', 177);
INSERT INTO EPISODIO (CODIGO, NUMERO_TEMP, NUMERO_EP, TITULO, TEMPO_DE_DURACAO, ROTEIRO_ID)
VALUES ('CRWN', 4, 9, 'Avalanche', '00:59:00', 178);
INSERT INTO EPISODIO (CODIGO, NUMERO_TEMP, NUMERO_EP, TITULO, TEMPO_DE_DURACAO, ROTEIRO_ID)
VALUES ('CRWN', 4, 10, 'War', '01:12:00', 179);


INSERT INTO GENERO (CODIGO, GENERO)
VALUES ('CRWN', 'Drama');
INSERT INTO GENERO (CODIGO, GENERO)
VALUES ('CRWN', 'Histórico');

INSERT INTO PREMIACOES (CODIGO, PREM_COLETIVA, PREM_INDIVIDUAL)
VALUES ('CRWN', '4 Globos de Ouro', '-');
INSERT INTO PREMIACOES (CODIGO, PREM_COLETIVA, PREM_INDIVIDUAL)
VALUES ('CRWN', '3 Emmys', '-');
INSERT INTO PREMIACOES (CODIGO, PREM_COLETIVA, PREM_INDIVIDUAL)
VALUES ('CRWN', '-', 'Melhor Atriz - Drama (Claire Foy)');


INSERT INTO DIRETOR (CPF, NOME)
VALUES ('46764780775', 'Stephen Daldry');	
INSERT INTO DIRETOR (CPF, NOME)
VALUES ('43452612802', 'Bejamin Caron');	

INSERT INTO ROTEIRISTA (CPF, NOME)
VALUES ('47053201090', 'Peter Morgan');

INSERT INTO ROTEIRO (ID_ARTIFICIAL, ARQUIVO)
 VALUES (140, 'the_crown_s01e01.txt');
INSERT INTO ROTEIRO (ID_ARTIFICIAL, ARQUIVO)
 VALUES (141, 'the_crown_s01e02.txt');
INSERT INTO ROTEIRO (ID_ARTIFICIAL, ARQUIVO)
 VALUES (142, 'the_crown_s01e03.txt');
INSERT INTO ROTEIRO (ID_ARTIFICIAL, ARQUIVO)
 VALUES (143, 'the_crown_s01e04.txt');
INSERT INTO ROTEIRO (ID_ARTIFICIAL, ARQUIVO)
 VALUES (144, 'the_crown_s01e05.txt');
INSERT INTO ROTEIRO (ID_ARTIFICIAL, ARQUIVO)
 VALUES (145, 'the_crown_s01e06.txt');
INSERT INTO ROTEIRO (ID_ARTIFICIAL, ARQUIVO)
 VALUES (146, 'the_crown_s01e07.txt');
INSERT INTO ROTEIRO (ID_ARTIFICIAL, ARQUIVO)
 VALUES (147, 'the_crown_s01e08.txt');
INSERT INTO ROTEIRO (ID_ARTIFICIAL, ARQUIVO)
 VALUES (148, 'the_crown_s01e09.txt');
INSERT INTO ROTEIRO (ID_ARTIFICIAL, ARQUIVO)
 VALUES (149, 'the_crown_s01e010.txt');
INSERT INTO ROTEIRO (ID_ARTIFICIAL, ARQUIVO)
 VALUES (150, 'the_crown_s02e01.txt');
INSERT INTO ROTEIRO (ID_ARTIFICIAL, ARQUIVO)
 VALUES (151, 'the_crown_s02e02.txt');
INSERT INTO ROTEIRO (ID_ARTIFICIAL, ARQUIVO)
 VALUES (152, 'the_crown_s02e03.txt');
INSERT INTO ROTEIRO (ID_ARTIFICIAL, ARQUIVO)
 VALUES (153, 'the_crown_s02e04.txt');
INSERT INTO ROTEIRO (ID_ARTIFICIAL, ARQUIVO)
 VALUES (154, 'the_crown_s02e05.txt');
INSERT INTO ROTEIRO (ID_ARTIFICIAL, ARQUIVO)
 VALUES (155, 'the_crown_s02e06.txt');
INSERT INTO ROTEIRO (ID_ARTIFICIAL, ARQUIVO)
 VALUES (156, 'the_crown_s02e07.txt');
INSERT INTO ROTEIRO (ID_ARTIFICIAL, ARQUIVO)
 VALUES (157, 'the_crown_s02e08.txt');
INSERT INTO ROTEIRO (ID_ARTIFICIAL, ARQUIVO)
 VALUES (158, 'the_crown_s02e09.txt');
INSERT INTO ROTEIRO (ID_ARTIFICIAL, ARQUIVO)
 VALUES (159, 'the_crown_s02e010.txt');
INSERT INTO ROTEIRO (ID_ARTIFICIAL, ARQUIVO)
 VALUES (160, 'the_crown_s03e01.txt');
INSERT INTO ROTEIRO (ID_ARTIFICIAL, ARQUIVO)
 VALUES (161, 'the_crown_s03e02.txt');
INSERT INTO ROTEIRO (ID_ARTIFICIAL, ARQUIVO)
 VALUES (162, 'the_crown_s03e03.txt');
INSERT INTO ROTEIRO (ID_ARTIFICIAL, ARQUIVO)
 VALUES (163, 'the_crown_s03e04.txt');
INSERT INTO ROTEIRO (ID_ARTIFICIAL, ARQUIVO)
 VALUES (164, 'the_crown_s03e05.txt');
INSERT INTO ROTEIRO (ID_ARTIFICIAL, ARQUIVO)
 VALUES (165, 'the_crown_s03e06.txt');
INSERT INTO ROTEIRO (ID_ARTIFICIAL, ARQUIVO)
 VALUES (166, 'the_crown_s03e07.txt');
INSERT INTO ROTEIRO (ID_ARTIFICIAL, ARQUIVO)
 VALUES (167, 'the_crown_s03e08.txt');
INSERT INTO ROTEIRO (ID_ARTIFICIAL, ARQUIVO)
 VALUES (168, 'the_crown_s03e09.txt');
INSERT INTO ROTEIRO (ID_ARTIFICIAL, ARQUIVO)
 VALUES (169, 'the_crown_s03e010.txt');
INSERT INTO ROTEIRO (ID_ARTIFICIAL, ARQUIVO)
 VALUES (170, 'the_crown_s04e01.txt');
INSERT INTO ROTEIRO (ID_ARTIFICIAL, ARQUIVO)
 VALUES (171, 'the_crown_s04e02.txt');
INSERT INTO ROTEIRO (ID_ARTIFICIAL, ARQUIVO)
 VALUES (172, 'the_crown_s04e03.txt');
INSERT INTO ROTEIRO (ID_ARTIFICIAL, ARQUIVO)
 VALUES (173, 'the_crown_s04e04.txt');
INSERT INTO ROTEIRO (ID_ARTIFICIAL, ARQUIVO)
 VALUES (174, 'the_crown_s04e05.txt');
INSERT INTO ROTEIRO (ID_ARTIFICIAL, ARQUIVO)
 VALUES (175, 'the_crown_s04e06.txt');
INSERT INTO ROTEIRO (ID_ARTIFICIAL, ARQUIVO)
 VALUES (176, 'the_crown_s04e07.txt');
INSERT INTO ROTEIRO (ID_ARTIFICIAL, ARQUIVO)
 VALUES (177, 'the_crown_s04e08.txt');
INSERT INTO ROTEIRO (ID_ARTIFICIAL, ARQUIVO)
 VALUES (178, 'the_crown_s04e09.txt');
INSERT INTO ROTEIRO (ID_ARTIFICIAL, ARQUIVO)
 VALUES (179, 'the_crown_s04e010.txt');



INSERT INTO PERSONAGEM (RDA, NOME)
VALUES (19, 'Rainha Elizabeth II');
INSERT INTO PERSONAGEM (RDA, NOME)
VALUES (20, 'Príncipe Philip');
INSERT INTO PERSONAGEM (RDA, NOME)
VALUES (21, 'Principe Charles III');
INSERT INTO PERSONAGEM (RDA, NOME)
VALUES (22, 'Princesa Diana');
INSERT INTO PERSONAGEM (RDA, NOME)
VALUES (23, 'Winston Churchill');


INSERT INTO ATOR (CPF, NOME)
VALUES ('49898242224', 'Olivia Colman');
INSERT INTO ATOR (CPF, NOME)
VALUES ('45369603652', 'Claire Foy');
INSERT INTO ATOR (CPF, NOME)
VALUES ('46255816469', 'Matt Smith');
INSERT INTO ATOR (CPF, NOME)
VALUES ('42107930540', 'Tobia Menezies');
INSERT INTO ATOR (CPF, NOME)
VALUES ('4994826036', 'Josh O''Connor');
INSERT INTO ATOR (CPF, NOME)
VALUES ('48817373080', 'Emma Corrin');
INSERT INTO ATOR (CPF, NOME)
VALUES ('44550476375', 'John Lithgow');

INSERT INTO EQUIPE_DE_EDITORES (ID_ARTIFICIAL, TIPO)
VALUES (5, 'Molionare');
INSERT INTO EQUIPE_DE_EDITORES (ID_ARTIFICIAL, TIPO)
VALUES (6, 'Boom Post');

INSERT INTO TEM (ID_ARTIFICIAL, CODIGO, NUMERO_TEMP, NUMERO_EP)
 VALUES (5, 'CRWN', 1, 1);
INSERT INTO TEM (ID_ARTIFICIAL, CODIGO, NUMERO_TEMP, NUMERO_EP)
 VALUES (5, 'CRWN', 1, 2);
INSERT INTO TEM (ID_ARTIFICIAL, CODIGO, NUMERO_TEMP, NUMERO_EP)
 VALUES (5, 'CRWN', 1, 3);
INSERT INTO TEM (ID_ARTIFICIAL, CODIGO, NUMERO_TEMP, NUMERO_EP)
 VALUES (5, 'CRWN', 1, 4);
INSERT INTO TEM (ID_ARTIFICIAL, CODIGO, NUMERO_TEMP, NUMERO_EP)
 VALUES (5, 'CRWN', 1, 5);
INSERT INTO TEM (ID_ARTIFICIAL, CODIGO, NUMERO_TEMP, NUMERO_EP)
 VALUES (5, 'CRWN', 1, 6);
INSERT INTO TEM (ID_ARTIFICIAL, CODIGO, NUMERO_TEMP, NUMERO_EP)
 VALUES (5, 'CRWN', 1, 7);
INSERT INTO TEM (ID_ARTIFICIAL, CODIGO, NUMERO_TEMP, NUMERO_EP)
 VALUES (5, 'CRWN', 1, 8);
INSERT INTO TEM (ID_ARTIFICIAL, CODIGO, NUMERO_TEMP, NUMERO_EP)
 VALUES (5, 'CRWN', 1, 9);
INSERT INTO TEM (ID_ARTIFICIAL, CODIGO, NUMERO_TEMP, NUMERO_EP)
 VALUES (5, 'CRWN', 1, 10);

INSERT INTO TEM (ID_ARTIFICIAL, CODIGO, NUMERO_TEMP, NUMERO_EP)
 VALUES (6, 'CRWN', 1, 1);
INSERT INTO TEM (ID_ARTIFICIAL, CODIGO, NUMERO_TEMP, NUMERO_EP)
 VALUES (6, 'CRWN', 1, 2);
INSERT INTO TEM (ID_ARTIFICIAL, CODIGO, NUMERO_TEMP, NUMERO_EP)
 VALUES (6, 'CRWN', 1, 3);
INSERT INTO TEM (ID_ARTIFICIAL, CODIGO, NUMERO_TEMP, NUMERO_EP)
 VALUES (6, 'CRWN', 1, 4);
INSERT INTO TEM (ID_ARTIFICIAL, CODIGO, NUMERO_TEMP, NUMERO_EP)
 VALUES (6, 'CRWN', 1, 5);
INSERT INTO TEM (ID_ARTIFICIAL, CODIGO, NUMERO_TEMP, NUMERO_EP)
 VALUES (6, 'CRWN', 1, 6);
INSERT INTO TEM (ID_ARTIFICIAL, CODIGO, NUMERO_TEMP, NUMERO_EP)
 VALUES (6, 'CRWN', 1, 7);
INSERT INTO TEM (ID_ARTIFICIAL, CODIGO, NUMERO_TEMP, NUMERO_EP)
 VALUES (6, 'CRWN', 1, 8);
INSERT INTO TEM (ID_ARTIFICIAL, CODIGO, NUMERO_TEMP, NUMERO_EP)
 VALUES (6, 'CRWN', 1, 9);
INSERT INTO TEM (ID_ARTIFICIAL, CODIGO, NUMERO_TEMP, NUMERO_EP)
 VALUES (6, 'CRWN', 1, 10);



INSERT INTO TEM (ID_ARTIFICIAL, CODIGO, NUMERO_TEMP, NUMERO_EP)
 VALUES (5, 'CRWN', 2, 1);
INSERT INTO TEM (ID_ARTIFICIAL, CODIGO, NUMERO_TEMP, NUMERO_EP)
 VALUES (5, 'CRWN', 2, 2);
INSERT INTO TEM (ID_ARTIFICIAL, CODIGO, NUMERO_TEMP, NUMERO_EP)
 VALUES (5, 'CRWN', 2, 3);
INSERT INTO TEM (ID_ARTIFICIAL, CODIGO, NUMERO_TEMP, NUMERO_EP)
 VALUES (5, 'CRWN', 2, 4);
INSERT INTO TEM (ID_ARTIFICIAL, CODIGO, NUMERO_TEMP, NUMERO_EP)
 VALUES (5, 'CRWN', 2, 5);
INSERT INTO TEM (ID_ARTIFICIAL, CODIGO, NUMERO_TEMP, NUMERO_EP)
 VALUES (5, 'CRWN', 2, 6);
INSERT INTO TEM (ID_ARTIFICIAL, CODIGO, NUMERO_TEMP, NUMERO_EP)
 VALUES (5, 'CRWN', 2, 7);
INSERT INTO TEM (ID_ARTIFICIAL, CODIGO, NUMERO_TEMP, NUMERO_EP)
 VALUES (5, 'CRWN', 2, 8);
INSERT INTO TEM (ID_ARTIFICIAL, CODIGO, NUMERO_TEMP, NUMERO_EP)
 VALUES (5, 'CRWN', 2, 9);
INSERT INTO TEM (ID_ARTIFICIAL, CODIGO, NUMERO_TEMP, NUMERO_EP)
 VALUES (5, 'CRWN', 2, 10);

INSERT INTO TEM (ID_ARTIFICIAL, CODIGO, NUMERO_TEMP, NUMERO_EP)
 VALUES (5, 'CRWN', 3, 1);
INSERT INTO TEM (ID_ARTIFICIAL, CODIGO, NUMERO_TEMP, NUMERO_EP)
 VALUES (5, 'CRWN', 3, 2);
INSERT INTO TEM (ID_ARTIFICIAL, CODIGO, NUMERO_TEMP, NUMERO_EP)
 VALUES (5, 'CRWN', 3, 3);
INSERT INTO TEM (ID_ARTIFICIAL, CODIGO, NUMERO_TEMP, NUMERO_EP)
 VALUES (5, 'CRWN', 3, 4);
INSERT INTO TEM (ID_ARTIFICIAL, CODIGO, NUMERO_TEMP, NUMERO_EP)
 VALUES (5, 'CRWN', 3, 5);
INSERT INTO TEM (ID_ARTIFICIAL, CODIGO, NUMERO_TEMP, NUMERO_EP)
 VALUES (5, 'CRWN', 3, 6);
INSERT INTO TEM (ID_ARTIFICIAL, CODIGO, NUMERO_TEMP, NUMERO_EP)
 VALUES (5, 'CRWN', 3, 7);
INSERT INTO TEM (ID_ARTIFICIAL, CODIGO, NUMERO_TEMP, NUMERO_EP)
 VALUES (5, 'CRWN', 3, 8);
INSERT INTO TEM (ID_ARTIFICIAL, CODIGO, NUMERO_TEMP, NUMERO_EP)
 VALUES (5, 'CRWN', 3, 9);
INSERT INTO TEM (ID_ARTIFICIAL, CODIGO, NUMERO_TEMP, NUMERO_EP)
 VALUES (5, 'CRWN', 3, 10);

INSERT INTO TEM (ID_ARTIFICIAL, CODIGO, NUMERO_TEMP, NUMERO_EP)
 VALUES (5, 'CRWN', 4, 1);
INSERT INTO TEM (ID_ARTIFICIAL, CODIGO, NUMERO_TEMP, NUMERO_EP)
 VALUES (5, 'CRWN', 4, 2);
INSERT INTO TEM (ID_ARTIFICIAL, CODIGO, NUMERO_TEMP, NUMERO_EP)
 VALUES (5, 'CRWN', 4, 3);
INSERT INTO TEM (ID_ARTIFICIAL, CODIGO, NUMERO_TEMP, NUMERO_EP)
 VALUES (5, 'CRWN', 4, 4);
INSERT INTO TEM (ID_ARTIFICIAL, CODIGO, NUMERO_TEMP, NUMERO_EP)
 VALUES (5, 'CRWN', 4, 5);
INSERT INTO TEM (ID_ARTIFICIAL, CODIGO, NUMERO_TEMP, NUMERO_EP)
 VALUES (5, 'CRWN', 4, 6);
INSERT INTO TEM (ID_ARTIFICIAL, CODIGO, NUMERO_TEMP, NUMERO_EP)
 VALUES (5, 'CRWN', 4, 7);
INSERT INTO TEM (ID_ARTIFICIAL, CODIGO, NUMERO_TEMP, NUMERO_EP)
 VALUES (5, 'CRWN', 4, 8);
INSERT INTO TEM (ID_ARTIFICIAL, CODIGO, NUMERO_TEMP, NUMERO_EP)
 VALUES (5, 'CRWN', 4, 9);
INSERT INTO TEM (ID_ARTIFICIAL, CODIGO, NUMERO_TEMP, NUMERO_EP)
 VALUES (5, 'CRWN', 4, 10);



INSERT INTO EFEITOS_ESPECIAIS (ID_ARTIFICIAL, TIPO, CUSTO, ID_EDITORES, CODIGO_SERIE, NUMERO_TEMP, NUMERO_EP)
VALUES (41, 'Prótese e maquiagem', 100000.00, 5, 'CRWN', 1, 2);
INSERT INTO EFEITOS_ESPECIAIS (ID_ARTIFICIAL, TIPO, CUSTO, ID_EDITORES, CODIGO_SERIE, NUMERO_TEMP, NUMERO_EP)
VALUES (42, 'Cenários digitais', 70000.00, 5, 'CRWN', 1, 4);
INSERT INTO EFEITOS_ESPECIAIS (ID_ARTIFICIAL, TIPO, CUSTO, ID_EDITORES, CODIGO_SERIE, NUMERO_TEMP, NUMERO_EP)
VALUES (43, 'Cenários digitais', 70000.00, 5, 'CRWN', 3, 9);


INSERT INTO PRINCIPAL (RDA)
VALUES (19);
INSERT INTO PRINCIPAL (RDA)
VALUES (20);
INSERT INTO PRINCIPAL (RDA)
VALUES (21);

INSERT INTO COADJUVANTE (RDA, FIGURANTE)
VALUES (22, 'false');
INSERT INTO COADJUVANTE (RDA, FIGURANTE)
VALUES (23, 'false');




INSERT INTO INTERPRETA (CPF, RDA)
VALUES ('49898242224', 19);
INSERT INTO INTERPRETA (CPF, RDA)
VALUES ('45369603652', 19);
INSERT INTO INTERPRETA (CPF, RDA)
VALUES ('46255816469', 20);
INSERT INTO INTERPRETA (CPF, RDA)
VALUES ('42107930540', 20);
INSERT INTO INTERPRETA (CPF, RDA)
VALUES ('4994826036', 21);
INSERT INTO INTERPRETA (CPF, RDA)
VALUES ('48817373080', 22);
INSERT INTO INTERPRETA (CPF, RDA)
VALUES ('44550476375', 23);


INSERT INTO PARTICIPA (CODIGO, RDA)
VALUES ('CRWN', 19);
INSERT INTO PARTICIPA (CODIGO, RDA)
VALUES ('CRWN', 20);
INSERT INTO PARTICIPA (CODIGO, RDA)
VALUES ('CRWN', 21);
INSERT INTO PARTICIPA (CODIGO, RDA)
VALUES ('CRWN', 22);
INSERT INTO PARTICIPA (CODIGO, RDA)
VALUES ('CRWN', 23);


INSERT INTO ESCREVE (CPF, ID_ARTIFICIAL)
 VALUES ('47053201090', 140);
INSERT INTO ESCREVE (CPF, ID_ARTIFICIAL)
 VALUES ('47053201090', 141);
INSERT INTO ESCREVE (CPF, ID_ARTIFICIAL)
 VALUES ('47053201090', 142);
INSERT INTO ESCREVE (CPF, ID_ARTIFICIAL)
 VALUES ('47053201090', 143);
INSERT INTO ESCREVE (CPF, ID_ARTIFICIAL)
 VALUES ('47053201090', 144);
INSERT INTO ESCREVE (CPF, ID_ARTIFICIAL)
 VALUES ('47053201090', 145);
INSERT INTO ESCREVE (CPF, ID_ARTIFICIAL)
 VALUES ('47053201090', 146);
INSERT INTO ESCREVE (CPF, ID_ARTIFICIAL)
 VALUES ('47053201090', 147);
INSERT INTO ESCREVE (CPF, ID_ARTIFICIAL)
 VALUES ('47053201090', 148);
INSERT INTO ESCREVE (CPF, ID_ARTIFICIAL)
 VALUES ('47053201090', 149);
INSERT INTO ESCREVE (CPF, ID_ARTIFICIAL)
 VALUES ('47053201090', 150);
INSERT INTO ESCREVE (CPF, ID_ARTIFICIAL)
 VALUES ('47053201090', 151);
INSERT INTO ESCREVE (CPF, ID_ARTIFICIAL)
 VALUES ('47053201090', 152);
INSERT INTO ESCREVE (CPF, ID_ARTIFICIAL)
 VALUES ('47053201090', 153);
INSERT INTO ESCREVE (CPF, ID_ARTIFICIAL)
 VALUES ('47053201090', 154);
INSERT INTO ESCREVE (CPF, ID_ARTIFICIAL)
 VALUES ('47053201090', 155);
INSERT INTO ESCREVE (CPF, ID_ARTIFICIAL)
 VALUES ('47053201090', 156);
INSERT INTO ESCREVE (CPF, ID_ARTIFICIAL)
 VALUES ('47053201090', 157);
INSERT INTO ESCREVE (CPF, ID_ARTIFICIAL)
 VALUES ('47053201090', 158);
INSERT INTO ESCREVE (CPF, ID_ARTIFICIAL)
 VALUES ('47053201090', 159);
INSERT INTO ESCREVE (CPF, ID_ARTIFICIAL)
 VALUES ('47053201090', 160);
INSERT INTO ESCREVE (CPF, ID_ARTIFICIAL)
 VALUES ('47053201090', 161);
INSERT INTO ESCREVE (CPF, ID_ARTIFICIAL)
 VALUES ('47053201090', 162);
INSERT INTO ESCREVE (CPF, ID_ARTIFICIAL)
 VALUES ('47053201090', 163);
INSERT INTO ESCREVE (CPF, ID_ARTIFICIAL)
 VALUES ('47053201090', 164);
INSERT INTO ESCREVE (CPF, ID_ARTIFICIAL)
 VALUES ('47053201090', 165);
INSERT INTO ESCREVE (CPF, ID_ARTIFICIAL)
 VALUES ('47053201090', 166);
INSERT INTO ESCREVE (CPF, ID_ARTIFICIAL)
 VALUES ('47053201090', 167);
INSERT INTO ESCREVE (CPF, ID_ARTIFICIAL)
 VALUES ('47053201090', 168);
INSERT INTO ESCREVE (CPF, ID_ARTIFICIAL)
 VALUES ('47053201090', 169);
INSERT INTO ESCREVE (CPF, ID_ARTIFICIAL)
 VALUES ('47053201090', 170);
INSERT INTO ESCREVE (CPF, ID_ARTIFICIAL)
 VALUES ('47053201090', 171);
INSERT INTO ESCREVE (CPF, ID_ARTIFICIAL)
 VALUES ('47053201090', 172);
INSERT INTO ESCREVE (CPF, ID_ARTIFICIAL)
 VALUES ('47053201090', 173);
INSERT INTO ESCREVE (CPF, ID_ARTIFICIAL)
 VALUES ('47053201090', 174);
INSERT INTO ESCREVE (CPF, ID_ARTIFICIAL)
 VALUES ('47053201090', 175);
INSERT INTO ESCREVE (CPF, ID_ARTIFICIAL)
 VALUES ('47053201090', 176);
INSERT INTO ESCREVE (CPF, ID_ARTIFICIAL)
 VALUES ('47053201090', 177);
INSERT INTO ESCREVE (CPF, ID_ARTIFICIAL)
 VALUES ('47053201090', 178);
INSERT INTO ESCREVE (CPF, ID_ARTIFICIAL)
 VALUES ('47053201090', 179);



INSERT INTO TRABALHA (CPF_ROTEIRISTA, CPF_DIRETOR, CODIGO)
VALUES ('47053201090', '46764780775', 'CRWN');
INSERT INTO TRABALHA (CPF_ROTEIRISTA, CPF_DIRETOR, CODIGO)
VALUES ('47053201090', '43452612802', 'CRWN');


---THE HOUNTING OF HILL HOUSE


INSERT INTO SERIE (CODIGO, NOME, SHOW_ORIGINAL)
VALUES ('THHH', 'THE HAUNTING OF HILL HOUSE', 'TRUE');

INSERT INTO GENERO (CODIGO, GENERO)
VALUES ('THHH', 'Drama');

INSERT INTO GENERO (CODIGO, GENERO)
VALUES ('THHH', 'Terror');

INSERT INTO GENERO (CODIGO, GENERO)
VALUES ('THHH', 'Suspense');

INSERT INTO PREMIACOES (CODIGO, PREM_COLETIVA, PREM_INDIVIDUAL)
VALUES ('THHH', '-' , 'Melhor Direção em Série de Drama');

INSERT INTO DIRETOR (CPF, NOME)
VALUES ('50000000001', 'Mike Flanagan');

INSERT INTO ROTEIRISTA (CPF, NOME)
VALUES ('50000000001', 'Mike Flanagan');

INSERT INTO ROTEIRO (ID_ARTIFICIAL, ARQUIVO)
VALUES (181, 'roteiro_THHHS1E1.pdf');

INSERT INTO ROTEIRO (ID_ARTIFICIAL, ARQUIVO)
VALUES (182, 'roteiro_THHHS1E2.pdf');

INSERT INTO ROTEIRO (ID_ARTIFICIAL, ARQUIVO)
VALUES (183, 'roteiro_THHHS1E3.pdf');

INSERT INTO ROTEIRO (ID_ARTIFICIAL, ARQUIVO)
VALUES (184, 'roteiro_THHHS1E4.pdf');

INSERT INTO ROTEIRO (ID_ARTIFICIAL, ARQUIVO)
VALUES (185, 'roteiro_THHHS1E5.pdf');

INSERT INTO ROTEIRO (ID_ARTIFICIAL, ARQUIVO)
VALUES (186, 'roteiro_THHHS1E6.pdf');

INSERT INTO ROTEIRO (ID_ARTIFICIAL, ARQUIVO)
VALUES (187, 'roteiro_THHHS1E7.pdf');

INSERT INTO ROTEIRO (ID_ARTIFICIAL, ARQUIVO)
VALUES (188, 'roteiro_THHHS1E8.pdf');

INSERT INTO ROTEIRO (ID_ARTIFICIAL, ARQUIVO)
VALUES (189, 'roteiro_THHHS1E9.pdf');

INSERT INTO ROTEIRO (ID_ARTIFICIAL, ARQUIVO)
VALUES (190, 'roteiro_THHHS1E10.pdf');

INSERT INTO PERSONAGEM (RDA, NOME)
VALUES (8, 'Shirley Crain');

INSERT INTO PERSONAGEM (RDA, NOME)
VALUES (9, 'Theo Crain');

INSERT INTO PERSONAGEM (RDA, NOME)
VALUES (10, 'Steve Crain');

INSERT INTO PERSONAGEM (RDA, NOME)
VALUES (11, 'Luke Crain');

INSERT INTO PERSONAGEM (RDA, NOME)
VALUES (12, 'Nell Crain');

INSERT INTO PERSONAGEM (RDA, NOME)
VALUES (13, 'Hugh Crain');

INSERT INTO PERSONAGEM (RDA, NOME)
VALUES (14, 'Olivia Crain');

INSERT INTO PERSONAGEM (RDA, NOME)
VALUES (15, 'Young Theo');

INSERT INTO PERSONAGEM (RDA, NOME)
VALUES (16, 'Abigail');


INSERT INTO ATOR (CPF, NOME)
VALUES ('50000000002', 'Elizabeth Reaser');

INSERT INTO ATOR (CPF, NOME)
VALUES ('50000000003', 'Kate Siegel');

INSERT INTO ATOR (CPF, NOME)
VALUES ('50000000004', 'Michiel Huisman');

INSERT INTO ATOR (CPF, NOME)
VALUES ('50000000005', 'Oliver Jackson-Cohen');

INSERT INTO ATOR (CPF, NOME)
VALUES ('50000000006', 'Victoria Pedretti');

INSERT INTO ATOR (CPF, NOME)
VALUES ('50000000007', 'Timothy Hutton');

INSERT INTO ATOR (CPF, NOME)
VALUES ('50000000008', 'Carla Gugino');

INSERT INTO ATOR (CPF, NOME)
VALUES ('50000000009', ' Mckenna Grace');

INSERT INTO ATOR (CPF, NOME)
VALUES ('50000000010', 'Samantha Sloyan');


INSERT INTO EQUIPE_DE_EDITORES (ID_ARTIFICIAL, TIPO)
VALUES (4, 'Efilm');

INSERT INTO TEMPORADA (CODIGO, NUMERO)
VALUES ('THHH', 1);


INSERT INTO EPISODIO (CODIGO, NUMERO_TEMP, NUMERO_EP, TITULO, TEMPO_DE_DURACAO, ROTEIRO_ID)
VALUES ('THHH', 1, 1, 'Steven Sees a Ghost' , '01:00:00', 181);

INSERT INTO EPISODIO (CODIGO, NUMERO_TEMP, NUMERO_EP, TITULO, TEMPO_DE_DURACAO, ROTEIRO_ID)
VALUES ('THHH', 1, 2, 'Open Casket' , '00:59:00',182);

INSERT INTO EPISODIO (CODIGO, NUMERO_TEMP, NUMERO_EP, TITULO, TEMPO_DE_DURACAO, ROTEIRO_ID)
VALUES ('THHH', 1, 3, 'Touch' , '00:51:00',183);

INSERT INTO EPISODIO (CODIGO, NUMERO_TEMP, NUMERO_EP, TITULO, TEMPO_DE_DURACAO, ROTEIRO_ID)
VALUES ('THHH', 1, 4, 'The Twin Thing' , '00:56:00',184);

INSERT INTO EPISODIO (CODIGO, NUMERO_TEMP, NUMERO_EP, TITULO, TEMPO_DE_DURACAO, ROTEIRO_ID)
VALUES ('THHH', 1, 5, 'The Bent-Neck Lady' , '00:58:00',185);

INSERT INTO EPISODIO (CODIGO, NUMERO_TEMP, NUMERO_EP, TITULO, TEMPO_DE_DURACAO, ROTEIRO_ID)
VALUES ('THHH', 1, 6, 'Two Storms' ,'01:11:00',186);

INSERT INTO EPISODIO (CODIGO, NUMERO_TEMP, NUMERO_EP, TITULO, TEMPO_DE_DURACAO, ROTEIRO_ID)
VALUES ('THHH', 1, 7, 'Eulogy' , '01:00:00',187);

INSERT INTO EPISODIO (CODIGO, NUMERO_TEMP, NUMERO_EP, TITULO, TEMPO_DE_DURACAO, ROTEIRO_ID)
VALUES ('THHH', 1, 8, 'Witness Marks' , '00:50:00',188);

INSERT INTO EPISODIO (CODIGO, NUMERO_TEMP, NUMERO_EP, TITULO, TEMPO_DE_DURACAO, ROTEIRO_ID)
VALUES ('THHH', 1, 9, 'Screaming Meemies' , '00:54:00',189);

INSERT INTO EPISODIO (CODIGO, NUMERO_TEMP, NUMERO_EP, TITULO, TEMPO_DE_DURACAO, ROTEIRO_ID)
VALUES ('THHH', 1, 10, 'Silence Lay Steadily' , '1:11:00',190);

INSERT INTO PRINCIPAL (RDA) VALUES (8);
INSERT INTO PRINCIPAL (RDA) VALUES (9);
INSERT INTO PRINCIPAL (RDA) VALUES (10);
INSERT INTO PRINCIPAL (RDA) VALUES (11);
INSERT INTO PRINCIPAL (RDA) VALUES (12);
INSERT INTO PRINCIPAL (RDA) VALUES (13);
INSERT INTO PRINCIPAL (RDA) VALUES (14);

INSERT INTO COADJUVANTE (RDA, FIGURANTE) VALUES (15,'TRUE');
INSERT INTO COADJUVANTE (RDA, FIGURANTE) VALUES (16,'TRUE');

INSERT INTO TEM (ID_ARTIFICIAL, CODIGO, NUMERO_TEMP, NUMERO_EP) 
VALUES (4, 'THHH', 1, 1);

INSERT INTO TEM (ID_ARTIFICIAL, CODIGO, NUMERO_TEMP, NUMERO_EP) 
VALUES (4, 'THHH', 1, 2);

INSERT INTO TEM (ID_ARTIFICIAL, CODIGO, NUMERO_TEMP, NUMERO_EP) 
VALUES (4, 'THHH', 1, 3);

INSERT INTO TEM (ID_ARTIFICIAL, CODIGO, NUMERO_TEMP, NUMERO_EP) 
VALUES (4, 'THHH', 1, 4);

INSERT INTO TEM (ID_ARTIFICIAL, CODIGO, NUMERO_TEMP, NUMERO_EP) 
VALUES (4, 'THHH', 1, 5);

INSERT INTO TEM (ID_ARTIFICIAL, CODIGO, NUMERO_TEMP, NUMERO_EP) 
VALUES (4, 'THHH', 1, 6);

INSERT INTO TEM (ID_ARTIFICIAL, CODIGO, NUMERO_TEMP, NUMERO_EP) 
VALUES (4, 'THHH', 1, 7);

INSERT INTO TEM (ID_ARTIFICIAL, CODIGO, NUMERO_TEMP, NUMERO_EP) 
VALUES (4, 'THHH', 1, 8);

INSERT INTO TEM (ID_ARTIFICIAL, CODIGO, NUMERO_TEMP, NUMERO_EP) 
VALUES (4, 'THHH', 1, 9);

INSERT INTO TEM (ID_ARTIFICIAL, CODIGO, NUMERO_TEMP, NUMERO_EP) 
VALUES (4, 'THHH', 1, 10);


INSERT INTO INTERPRETA (CPF, RDA)
VALUES ('50000000002', 8);

INSERT INTO INTERPRETA (CPF, RDA)
VALUES ('50000000003', 9);

INSERT INTO INTERPRETA (CPF, RDA)
VALUES ('50000000004', 10);

INSERT INTO INTERPRETA (CPF, RDA)
VALUES ('50000000005', 11);

INSERT INTO INTERPRETA (CPF, RDA)
VALUES ('50000000006', 12);

INSERT INTO INTERPRETA (CPF, RDA)
VALUES ('50000000007', 13);

INSERT INTO INTERPRETA (CPF, RDA)
VALUES ('50000000008', 14);

INSERT INTO INTERPRETA (CPF, RDA)
VALUES ('50000000009', 15);

INSERT INTO INTERPRETA (CPF, RDA)
VALUES ('50000000010', 16);

INSERT INTO PARTICIPA (CODIGO, RDA) 
VALUES ('THHH',8);

INSERT INTO PARTICIPA (CODIGO, RDA) 
VALUES ('THHH',9);

INSERT INTO PARTICIPA (CODIGO, RDA) 
VALUES ('THHH',10);

INSERT INTO PARTICIPA (CODIGO, RDA) 
VALUES ('THHH',11);

INSERT INTO PARTICIPA (CODIGO, RDA) 
VALUES ('THHH',12);

INSERT INTO PARTICIPA (CODIGO, RDA) 
VALUES ('THHH',13);

INSERT INTO PARTICIPA (CODIGO, RDA) 
VALUES ('THHH',14);

INSERT INTO PARTICIPA (CODIGO, RDA) 
VALUES ('THHH',15);

INSERT INTO PARTICIPA (CODIGO, RDA) 
VALUES ('THHH',16);



INSERT INTO ESCREVE (CPF, ID_ARTIFICIAL)
VALUES ('50000000001', 181);

INSERT INTO ESCREVE (CPF, ID_ARTIFICIAL)
VALUES ('50000000001', 182);

INSERT INTO ESCREVE (CPF, ID_ARTIFICIAL)
VALUES ('50000000001', 183);

INSERT INTO ESCREVE (CPF, ID_ARTIFICIAL)
VALUES ('50000000001', 184);

INSERT INTO ESCREVE (CPF, ID_ARTIFICIAL)
VALUES ('50000000001', 185);

INSERT INTO ESCREVE (CPF, ID_ARTIFICIAL)
VALUES ('50000000001', 186);

INSERT INTO ESCREVE (CPF, ID_ARTIFICIAL)
VALUES ('50000000001', 187);

INSERT INTO ESCREVE (CPF, ID_ARTIFICIAL)
VALUES ('50000000001', 188);

INSERT INTO ESCREVE (CPF, ID_ARTIFICIAL)
VALUES ('50000000001', 189);

INSERT INTO ESCREVE (CPF, ID_ARTIFICIAL)
VALUES ('50000000001', 190);


INSERT INTO TRABALHA (CPF_ROTEIRISTA, CPF_DIRETOR, CODIGO)
VALUES ('50000000001', '50000000001', 'THHH');

INSERT INTO EFEITOS_ESPECIAIS (ID_ARTIFICIAL, TIPO, CUSTO, ID_EDITORES, CODIGO_SERIE, NUMERO_TEMP, NUMERO_EP)
VALUES (51, 'Efeitos de maquiagem', 100000, 4, 'THHH', 1, 1);

INSERT INTO EFEITOS_ESPECIAIS (ID_ARTIFICIAL, TIPO, CUSTO, ID_EDITORES, CODIGO_SERIE, NUMERO_TEMP, NUMERO_EP)
VALUES (52, 'câmera subjetiva', 20000, 4, 'THHH', 1, 2);

INSERT INTO EFEITOS_ESPECIAIS (ID_ARTIFICIAL, TIPO, CUSTO, ID_EDITORES, CODIGO_SERIE, NUMERO_TEMP, NUMERO_EP)
VALUES (53, 'Explosão de carro', 50000, 4, 'THHH', 1, 3);


---FLEABAG


INSERT INTO SERIE (CODIGO, NOME, SHOW_ORIGINAL)
VALUES ('FB', 'Fleabag', 'TRUE');

INSERT INTO GENERO (CODIGO, GENERO)
VALUES ('FB', 'Comedia');

INSERT INTO GENERO (CODIGO, GENERO)
VALUES ('FB', 'Drama');

INSERT INTO PREMIACOES (CODIGO, PREM_COLETIVA, PREM_INDIVIDUAL)
VALUES ('FB', '-' , 'EMMY1');

INSERT INTO PREMIACOES (CODIGO, PREM_COLETIVA, PREM_INDIVIDUAL)
VALUES ('FB', '-' , 'EMMY2');



INSERT INTO PREMIACOES (CODIGO, PREM_COLETIVA, PREM_INDIVIDUAL)
VALUES ('FB', '-' , 'EMMY3');

INSERT INTO PREMIACOES (CODIGO, PREM_COLETIVA, PREM_INDIVIDUAL)
VALUES ('FB', '-' , 'EMMY4');

INSERT INTO PREMIACOES (CODIGO, PREM_COLETIVA, PREM_INDIVIDUAL)
VALUES ('FB', '-' , 'EMMY5');

INSERT INTO PREMIACOES (CODIGO, PREM_COLETIVA, PREM_INDIVIDUAL)
VALUES ('FB', '-' , 'EMMY6');

INSERT INTO DIRETOR (CPF, NOME)
VALUES ('60000000001', 'Harry Bradbeer');

INSERT INTO ROTEIRISTA (CPF, NOME)
VALUES ('60000000002', 'Phoebe Waller-Bridge');

INSERT INTO ROTEIRO (ID_ARTIFICIAL, ARQUIVO)
VALUES ('192', 'roteiro_FBS1E1');

INSERT INTO ROTEIRO (ID_ARTIFICIAL, ARQUIVO)
VALUES ('193', 'roteiro_FBS1E2');

INSERT INTO ROTEIRO (ID_ARTIFICIAL, ARQUIVO)
VALUES ('194', 'roteiro_FBS1E3');

INSERT INTO ROTEIRO (ID_ARTIFICIAL, ARQUIVO)
VALUES ('195', 'roteiro_FBS1E4');

INSERT INTO ROTEIRO (ID_ARTIFICIAL, ARQUIVO)
VALUES ('196','roteiro_FBS1E5');

INSERT INTO ROTEIRO (ID_ARTIFICIAL, ARQUIVO)
VALUES ('197', 'roteiro_FBS1E6');

INSERT INTO ROTEIRO (ID_ARTIFICIAL, ARQUIVO)
VALUES ('198', 'roteiro_FBS2E1');

INSERT INTO ROTEIRO (ID_ARTIFICIAL, ARQUIVO)
VALUES ('199', 'roteiro_FBS2E2');

INSERT INTO ROTEIRO (ID_ARTIFICIAL, ARQUIVO)
VALUES ('200', 'roteiro_FBS2E3');

INSERT INTO ROTEIRO (ID_ARTIFICIAL, ARQUIVO)
VALUES ('201', 'roteiro_FBS2E4');

INSERT INTO ROTEIRO (ID_ARTIFICIAL, ARQUIVO)
VALUES ('202', 'roteiro_FBS2E5');

INSERT INTO ROTEIRO (ID_ARTIFICIAL, ARQUIVO)
VALUES ('203', 'roteiro_FBS2E6');



INSERT INTO PERSONAGEM (RDA, NOME)
VALUES (24, 'Fleabag');

INSERT INTO PERSONAGEM (RDA, NOME)
VALUES (25, 'Claire');

INSERT INTO PERSONAGEM (RDA, NOME)
VALUES (26, 'Martin');


INSERT INTO ATOR (CPF, NOME)
VALUES ('60000000003', 'Phoebe Waller-Bridge');


INSERT INTO ATOR (CPF, NOME)
VALUES ('60000000004', 'Sian Clifford');


INSERT INTO ATOR (CPF, NOME)
VALUES ('60000000005', 'Brett Gelman');


INSERT INTO EQUIPE_DE_EDITORES (ID_ARTIFICIAL, TIPO)
VALUES (7, 'Principal_Fleabag');


INSERT INTO TEMPORADA (CODIGO, NUMERO)
VALUES ('FB', 1);


INSERT INTO TEMPORADA (CODIGO, NUMERO)
VALUES ('FB', 2);

INSERT INTO EPISODIO (CODIGO, NUMERO_TEMP, NUMERO_EP, TITULO, TEMPO_DE_DURACAO, ROTEIRO_ID)
VALUES ('FB' , 1, 1, 'Episode 1', '00:26:00',192);

INSERT INTO EPISODIO (CODIGO, NUMERO_TEMP, NUMERO_EP, TITULO, TEMPO_DE_DURACAO, ROTEIRO_ID)
VALUES ('FB', 1, 2, 'Episode 2', '00:25:00',193);

INSERT INTO EPISODIO (CODIGO, NUMERO_TEMP, NUMERO_EP, TITULO, TEMPO_DE_DURACAO, ROTEIRO_ID)
VALUES ('FB', 1, 3, 'Episode 3', '00:25:00',194);

INSERT INTO EPISODIO (CODIGO, NUMERO_TEMP, NUMERO_EP, TITULO, TEMPO_DE_DURACAO, ROTEIRO_ID)
VALUES ('FB', 1, 4, 'Episode 4', '00:27:00',195);

INSERT INTO EPISODIO (CODIGO, NUMERO_TEMP, NUMERO_EP, TITULO, TEMPO_DE_DURACAO, ROTEIRO_ID)
VALUES ('FB', 1, 5, 'Episode 5', '00:25:00',196);

INSERT INTO EPISODIO (CODIGO, NUMERO_TEMP, NUMERO_EP, TITULO, TEMPO_DE_DURACAO, ROTEIRO_ID)
VALUES ('FB', 1, 6, 'Episode 6', '00:28:00',197);

INSERT INTO EPISODIO (CODIGO, NUMERO_TEMP, NUMERO_EP, TITULO, TEMPO_DE_DURACAO, ROTEIRO_ID)
VALUES ('FB', 2, 1, 'Episode 1', '00:28:00',198);

INSERT INTO EPISODIO (CODIGO, NUMERO_TEMP, NUMERO_EP, TITULO, TEMPO_DE_DURACAO, ROTEIRO_ID)
VALUES ('FB', 2, 2, 'Episode 2', '00:26:00',199);

INSERT INTO EPISODIO (CODIGO, NUMERO_TEMP, NUMERO_EP, TITULO, TEMPO_DE_DURACAO, ROTEIRO_ID)
VALUES ('FB', 2, 3, 'Episode 3', '00:28:00',200);

INSERT INTO EPISODIO (CODIGO, NUMERO_TEMP, NUMERO_EP, TITULO, TEMPO_DE_DURACAO, ROTEIRO_ID)
VALUES ('FB', 2, 4, 'Episode 4', '00:24:00',201);

INSERT INTO EPISODIO (CODIGO, NUMERO_TEMP, NUMERO_EP, TITULO, TEMPO_DE_DURACAO, ROTEIRO_ID)
VALUES ('FB', 2, 5, 'Episode 5', '00:26:00',202);

INSERT INTO EPISODIO (CODIGO, NUMERO_TEMP, NUMERO_EP, TITULO, TEMPO_DE_DURACAO, ROTEIRO_ID)
VALUES ('FB', 2, 6, 'Episode 6', '00:27:00',203);


INSERT INTO PRINCIPAL (RDA) VALUES (24);
INSERT INTO PRINCIPAL (RDA) VALUES (25);

INSERT INTO COADJUVANTE (RDA, FIGURANTE) VALUES (26, 'TRUE');

INSERT INTO TEM (ID_ARTIFICIAL, CODIGO, NUMERO_TEMP, NUMERO_EP) 
VALUES (7, 'FB', 1, 1);

INSERT INTO TEM (ID_ARTIFICIAL, CODIGO, NUMERO_TEMP, NUMERO_EP) 
VALUES (7, 'FB', 1, 2);

INSERT INTO TEM (ID_ARTIFICIAL, CODIGO, NUMERO_TEMP, NUMERO_EP) 
VALUES (7, 'FB', 1, 3);

INSERT INTO TEM (ID_ARTIFICIAL, CODIGO, NUMERO_TEMP, NUMERO_EP) 
VALUES (7, 'FB', 1, 4);

INSERT INTO TEM (ID_ARTIFICIAL, CODIGO, NUMERO_TEMP, NUMERO_EP) 
VALUES (7, 'FB', 1, 5);

INSERT INTO TEM (ID_ARTIFICIAL, CODIGO, NUMERO_TEMP, NUMERO_EP) 
VALUES (7, 'FB', 1, 6);

INSERT INTO TEM (ID_ARTIFICIAL, CODIGO, NUMERO_TEMP, NUMERO_EP) 
VALUES (7, 'FB', 2,1);

INSERT INTO TEM (ID_ARTIFICIAL, CODIGO, NUMERO_TEMP, NUMERO_EP) 
VALUES (7,'FB', 2,2);

INSERT INTO TEM (ID_ARTIFICIAL, CODIGO, NUMERO_TEMP, NUMERO_EP) 
VALUES (7,'FB', 2,3);

INSERT INTO TEM (ID_ARTIFICIAL, CODIGO, NUMERO_TEMP, NUMERO_EP) 
VALUES (7,'FB', 2,4);

INSERT INTO TEM (ID_ARTIFICIAL, CODIGO, NUMERO_TEMP, NUMERO_EP) 
VALUES (7,'FB', 2, 5);

INSERT INTO TEM (ID_ARTIFICIAL, CODIGO, NUMERO_TEMP, NUMERO_EP) 
VALUES (7,'FB', 2, 6);

INSERT INTO INTERPRETA (CPF, RDA)
VALUES ('60000000003', 24);

INSERT INTO INTERPRETA (CPF, RDA)
VALUES ('60000000004', 25);

INSERT INTO INTERPRETA (CPF, RDA)
VALUES ('60000000005', 26);

INSERT INTO PARTICIPA (CODIGO, RDA) 
VALUES ('FB', 24);

INSERT INTO PARTICIPA (CODIGO, RDA) 
VALUES ('FB', 25);

INSERT INTO PARTICIPA (CODIGO, RDA) 
VALUES ('FB', 26);

INSERT INTO ESCREVE (CPF, ID_ARTIFICIAL)
VALUES ('60000000002', 192);

INSERT INTO ESCREVE (CPF, ID_ARTIFICIAL)
VALUES ('60000000002', 193);

INSERT INTO ESCREVE (CPF, ID_ARTIFICIAL)
VALUES ('60000000002', 194);

INSERT INTO ESCREVE (CPF, ID_ARTIFICIAL)
VALUES ('60000000002', 195);

INSERT INTO ESCREVE (CPF, ID_ARTIFICIAL)
VALUES ('60000000002', 196);

INSERT INTO ESCREVE (CPF, ID_ARTIFICIAL)
VALUES ('60000000002', 197);

INSERT INTO ESCREVE (CPF, ID_ARTIFICIAL)
VALUES ('60000000002', 198);

INSERT INTO ESCREVE (CPF, ID_ARTIFICIAL)
VALUES ('60000000002', 199);

INSERT INTO ESCREVE (CPF, ID_ARTIFICIAL)
VALUES ('60000000002', 200);

INSERT INTO ESCREVE (CPF, ID_ARTIFICIAL)
VALUES ('60000000002', 201);

INSERT INTO ESCREVE (CPF, ID_ARTIFICIAL)
VALUES ('60000000002', 202);

INSERT INTO ESCREVE (CPF, ID_ARTIFICIAL)
VALUES ('60000000002', 203);

INSERT INTO TRABALHA (CPF_ROTEIRISTA, CPF_DIRETOR, CODIGO)
VALUES ('60000000002', '60000000001', 'FB');


INSERT INTO EFEITOS_ESPECIAIS (ID_ARTIFICIAL, TIPO, CUSTO, ID_EDITORES, CODIGO_SERIE, NUMERO_TEMP, NUMERO_EP)
VALUES (61, 'câmera subjetiva', 100000, 7, 'FB', 1, 1);

INSERT INTO EFEITOS_ESPECIAIS (ID_ARTIFICIAL, TIPO, CUSTO, ID_EDITORES, CODIGO_SERIE, NUMERO_TEMP, NUMERO_EP)
VALUES (62, 'câmera subjetiva', 100000, 7, 'FB', 1, 2);

INSERT INTO EFEITOS_ESPECIAIS (ID_ARTIFICIAL, TIPO, CUSTO, ID_EDITORES, CODIGO_SERIE, NUMERO_TEMP, NUMERO_EP)
VALUES (63, 'câmera subjetiva', 100000, 7, 'FB', 1, 6);

INSERT INTO EFEITOS_ESPECIAIS (ID_ARTIFICIAL, TIPO, CUSTO, ID_EDITORES, CODIGO_SERIE, NUMERO_TEMP, NUMERO_EP)
VALUES (64, 'câmera subjetiva', 100000, 7, 'FB', 2, 2);
